timestamp_epoch_s,VNYMR,SensorID,MCUtime,Yaw,Pitch,Roll,MagX,MagY,MagZ,AccX,AccY,AccZ,GyrX,GyrY,GyrZ
1764267056.696355,$VNYMR,3,250614538,0,0,0,-0.236,-0.229,-0.411,-0.030,-0.220,9.630,0.000,-0.051,0.015
1764267056.751147,$VNYMR,1,250668955,0,0,0,-0.061,-0.167,-0.426,-1.682,3.352,9.251,0.065,-0.005,-0.002
1764267056.8052113,$VNYMR,2,250723735,0,0,0,0.475,-0.626,-0.638,0.085,-0.525,10.144,0.005,-0.019,-0.003
1764267056.8625782,$VNYMR,3,250780537,0,0,0,-0.229,-0.225,-0.427,0.120,-0.520,9.550,-0.013,-0.012,-0.002
1764267056.9171288,$VNYMR,1,250835168,0,0,0,-0.062,-0.166,-0.425,-1.738,3.235,9.246,0.020,0.015,-0.011
1764267056.9718478,$VNYMR,2,250890371,0,0,0,0.467,-0.628,-0.637,0.035,-0.547,10.086,-0.012,-0.016,0.007
1764267057.0290673,$VNYMR,3,250947054,0,0,0,-0.229,-0.204,-0.419,0.070,-0.640,9.510,-0.002,-0.003,0.003
1764267057.0838413,$VNYMR,1,251001632,0,0,0,-0.069,-0.170,-0.424,-1.834,3.197,9.266,0.015,0.013,-0.019
1764267057.1381662,$VNYMR,2,251056426,0,0,0,0.470,-0.626,-0.600,0.089,-0.492,10.030,-0.011,-0.012,0.003
1764267057.1936727,$VNYMR,3,251113601,0,0,0,-0.229,-0.222,-0.434,0.140,-0.490,9.440,0.005,0.011,0.003
1764267057.2474716,$VNYMR,1,251166879,0,0,0,-0.063,-0.170,-0.427,-1.738,3.196,9.250,-0.016,0.021,-0.026
1764267057.301271,$VNYMR,2,251220159,0,0,0,0.471,-0.622,-0.636,0.071,-0.667,9.956,-0.034,-0.038,-0.002
1764267057.3577595,$VNYMR,3,251277482,0,0,0,-0.232,-0.222,-0.414,0.070,-0.580,9.390,-0.019,0.028,0.003
1764267057.417371,$VNYMR,1,251335044,0,0,0,-0.061,-0.160,-0.429,-1.694,3.066,9.171,-0.101,0.105,-0.045
1764267057.4718962,$VNYMR,2,251389951,0,0,0,0.474,-0.616,-0.646,-0.056,-0.702,10.137,-0.099,0.078,0.005
1764267057.5290997,$VNYMR,3,251447103,0,0,0,-0.232,-0.210,-0.414,-0.100,-0.740,9.600,-0.108,0.058,0.003
1764267057.5835817,$VNYMR,1,251501692,0,0,0,-0.055,-0.163,-0.434,-1.700,2.768,9.151,0.020,-0.014,-0.007
1764267057.6383455,$VNYMR,2,251556773,0,0,0,0.478,-0.615,-0.601,-0.115,-0.732,10.292,0.028,-0.017,0.009
1764267057.6940484,$VNYMR,3,251613604,0,0,0,-0.222,-0.204,-0.431,-0.100,-0.840,9.660,0.009,-0.004,0.001
1764267057.7489388,$VNYMR,1,251666847,0,0,0,-0.056,-0.160,-0.430,-1.802,3.014,9.174,-0.019,0.024,-0.018
1764267057.8025827,$VNYMR,2,251721806,0,0,0,0.472,-0.617,-0.646,-0.111,-0.797,10.113,-0.024,0.001,0.039
1764267057.8588002,$VNYMR,3,251777846,0,0,0,-0.222,-0.214,-0.419,-0.070,-0.880,9.600,-0.004,-0.001,0.001
1764267057.9135795,$VNYMR,1,251831403,0,0,0,-0.053,-0.155,-0.431,-1.787,3.097,9.336,0.054,-0.002,-0.038
1764267057.9682379,$VNYMR,2,251886125,0,0,0,0.472,-0.616,-0.631,-0.118,-0.753,10.162,-0.004,-0.004,0.003
1764267058.0252023,$VNYMR,3,251943358,0,0,0,-0.229,-0.222,-0.422,-0.040,-0.760,9.670,-0.023,-0.007,0.001
1764267058.07862,$VNYMR,1,251997752,0,0,0,-0.051,-0.169,-0.430,-3.876,0.840,9.731,-1.031,0.905,-0.267
1764267058.133445,$VNYMR,2,252051292,0,0,0,0.439,-0.678,-0.610,-0.581,-0.963,10.229,-0.016,0.031,0.067
1764267058.1903365,$VNYMR,3,252108540,0,0,0,-0.147,-0.181,-0.407,-0.160,-0.900,9.610,-0.010,-0.007,-0.005
1764267058.2446957,$VNYMR,1,252162937,0,0,0,-0.053,-0.213,-0.425,-1.819,3.089,9.324,0.056,-0.016,0.005
1764267058.2985587,$VNYMR,2,252217278,0,0,0,0.442,-0.678,-0.616,-0.115,-0.799,10.023,0.002,-0.019,-0.001
1764267058.3555772,$VNYMR,3,252274628,0,0,0,-0.147,-0.189,-0.391,-0.130,-0.810,9.670,0.013,0.002,-0.003
1764267058.4096243,$VNYMR,1,252328168,0,0,0,-0.053,-0.174,-0.423,-1.850,2.951,8.888,0.011,-0.037,0.002
1764267058.4641063,$VNYMR,2,252382197,0,0,0,0.442,-0.675,-0.612,-0.075,-0.722,10.336,0.006,-0.014,-0.002
1764267058.5212176,$VNYMR,3,252439302,0,0,0,-0.144,-0.196,-0.402,0.000,-0.760,9.790,-0.016,0.015,0.003
1764267058.5745826,$VNYMR,1,252493756,0,0,0,-0.062,-0.168,-0.430,-2.222,2.477,9.388,-0.145,0.277,0.090
1764267058.6288705,$VNYMR,2,252547132,0,0,0,0.473,-0.640,-0.630,-0.251,-0.494,10.710,0.057,0.003,-0.024
1764267058.6870458,$VNYMR,3,252604224,0,0,0,-0.149,-0.191,-0.399,-0.310,-1.780,9.580,-0.053,0.037,-0.184
1764267058.7407124,$VNYMR,1,252659628,0,0,0,-0.064,-0.085,-0.441,-3.516,3.066,10.191,-0.968,0.406,-0.035
1764267058.795252,$VNYMR,2,252713289,0,0,0,0.364,-0.244,-0.784,-0.821,-2.592,10.440,-1.041,-0.614,-0.112
1764267058.8530526,$VNYMR,3,252770446,0,0,0,-0.233,-0.141,-0.603,-0.170,-2.420,9.680,-1.292,-0.532,-0.023
1764267058.9066043,$VNYMR,1,252825631,0,0,0,-0.175,0.073,-0.425,-2.214,1.082,9.894,-0.821,-0.202,-0.072
1764267058.9608867,$VNYMR,2,252879185,0,0,0,0.063,-0.021,-0.552,0.433,-3.056,10.059,-1.151,-0.298,0.385
1764267059.0179033,$VNYMR,3,252936372,0,0,0,0.018,0.072,-0.661,0.350,-1.540,9.400,-1.112,-0.110,0.657
1764267059.071887,$VNYMR,1,252990505,0,0,0,-0.257,0.181,-0.460,-2.293,-1.487,10.821,-1.864,-0.431,0.181
1764267059.1255596,$VNYMR,2,253044466,0,0,0,-0.074,0.075,-0.458,0.450,-6.287,8.748,-1.676,-1.332,0.487
1764267059.1825805,$VNYMR,3,253100650,0,0,0,0.083,0.138,-0.540,0.190,-6.540,9.360,-2.763,-1.815,0.607
1764267059.2379067,$VNYMR,1,253155170,0,0,0,-0.406,0.391,-0.488,2.005,-4.256,8.896,-2.713,-1.740,0.237
1764267059.2917368,$VNYMR,2,253210500,0,0,0,-0.222,0.277,-0.331,2.001,-7.295,3.274,-2.815,-1.823,0.696
1764267059.3485334,$VNYMR,3,253266942,0,0,0,-0.056,0.350,-0.369,2.360,-7.860,1.840,-2.272,-1.757,0.194
1764267059.4024963,$VNYMR,1,253321127,0,0,0,-0.526,0.569,-0.414,2.703,-7.787,5.368,-1.909,-1.902,0.025
1764267059.4571078,$VNYMR,2,253375269,0,0,0,-0.366,0.280,-0.262,2.847,-7.338,4.247,2.537,-2.286,-2.160
1764267059.513392,$VNYMR,3,253432227,0,0,0,-0.174,0.404,-0.252,1.940,-5.890,3.270,4.403,-2.601,-1.385
1764267059.5716023,$VNYMR,1,253490045,0,0,0,-0.691,0.289,-0.442,3.781,-2.649,7.730,4.990,-1.861,-0.479
1764267059.624753,$VNYMR,2,253544182,0,0,0,-0.463,-0.097,-0.364,7.506,-6.351,5.119,5.004,0.052,-1.777
1764267059.6811368,$VNYMR,3,253599831,0,0,0,-0.322,0.142,-0.333,4.940,-5.410,3.770,5.444,0.632,-1.475
1764267059.736235,$VNYMR,1,253653680,0,0,0,-0.677,-0.118,-0.114,3.254,3.292,5.756,5.004,1.279,-1.314
1764267059.790161,$VNYMR,2,253708805,0,0,0,-0.387,-0.435,-0.179,5.776,5.386,5.469,2.481,-0.669,0.299
1764267059.8472698,$VNYMR,3,253765803,0,0,0,-0.257,-0.357,-0.199,7.480,5.760,4.000,-0.724,-0.613,0.966
1764267059.9010944,$VNYMR,1,253819853,0,0,0,-0.724,-0.116,-0.077,4.701,4.716,6.329,0.027,-0.358,-0.142
1764267059.9562075,$VNYMR,2,253874282,0,0,0,-0.385,-0.464,-0.079,5.477,2.169,8.759,1.898,0.446,-1.036
1764267060.0130968,$VNYMR,3,253931541,0,0,0,-0.287,-0.373,-0.187,5.770,1.410,9.050,6.121,-0.061,-1.551
1764267060.0681443,$VNYMR,1,253985684,0,0,0,-0.581,-0.130,0.284,-4.045,8.270,0.103,-2.501,4.078,-5.004
1764267060.121614,$VNYMR,2,254040720,0,0,0,-0.315,-0.514,0.148,4.890,7.394,1.360,2.982,0.300,-0.232
1764267060.178102,$VNYMR,3,254097002,0,0,0,-0.192,-0.470,0.069,5.020,7.380,1.180,1.446,-0.105,-0.292
1764267060.2329934,$VNYMR,1,254150657,0,0,0,-0.565,-0.043,0.353,2.019,6.013,-2.419,-2.323,1.893,0.501
1764267060.2862062,$VNYMR,2,254205564,0,0,0,-0.271,-0.507,0.226,4.323,8.556,1.088,1.888,-0.332,-0.581
1764267060.3423336,$VNYMR,3,254261322,0,0,0,-0.142,-0.442,0.199,4.220,7.870,0.710,2.344,-0.202,-0.619
1764267060.3951821,$VNYMR,1,254314876,0,0,0,-0.552,0.129,0.470,2.384,6.566,-5.969,2.807,0.376,-0.358
1764267060.4502208,$VNYMR,2,254368603,0,0,0,-0.189,-0.432,0.367,1.906,8.172,-1.317,0.739,0.440,-0.858
1764267060.5075753,$VNYMR,3,254425344,0,0,0,-0.097,-0.387,0.314,2.350,7.800,-2.910,2.682,0.385,-1.065
1764267060.5613832,$VNYMR,1,254480183,0,0,0,-0.548,0.240,0.496,1.426,5.579,-9.761,1.439,-1.357,0.163
1764267060.6158266,$VNYMR,2,254534151,0,0,0,-0.180,-0.342,0.416,0.460,10.092,-8.499,-0.185,-0.236,0.054
1764267060.6733594,$VNYMR,3,254591669,0,0,0,-0.032,-0.306,0.414,-0.300,13.230,-9.960,-2.698,0.113,0.885
1764267060.727014,$VNYMR,1,254646069,0,0,0,-0.576,-0.040,0.325,2.679,7.945,-5.006,-5.004,1.217,1.134
1764267060.7815864,$VNYMR,2,254699664,0,0,0,-0.375,-0.458,-0.045,3.453,1.880,1.021,-5.004,0.845,3.899
1764267060.838434,$VNYMR,3,254756836,0,0,0,-0.290,-0.402,-0.042,3.140,0.410,-2.060,-7.951,0.552,3.607
1764267060.8932896,$VNYMR,1,254811612,0,0,0,-0.641,-0.030,-0.339,6.434,-8.527,4.271,-5.004,2.129,-0.378
1764267060.94914,$VNYMR,2,254866756,0,0,0,-0.391,-0.227,-0.365,3.124,0.790,11.009,-0.696,3.206,-1.654
1764267061.0069828,$VNYMR,3,254924553,0,0,0,-0.320,-0.154,-0.340,2.810,3.890,12.750,-2.019,3.651,-1.102
1764267061.0608394,$VNYMR,1,254979783,0,0,0,-0.502,-0.142,-0.237,-1.281,10.721,6.982,0.884,-1.533,2.263
1764267061.1156936,$VNYMR,2,255034255,0,0,0,-0.395,-0.160,-0.379,0.678,-15.401,-3.808,-2.290,-1.731,1.864
1764267061.1735373,$VNYMR,3,255091658,0,0,0,-0.247,-0.147,-0.393,2.400,-21.280,-9.420,-0.581,0.376,0.373
1764267061.228836,$VNYMR,1,255146937,0,0,0,-0.388,-0.155,-0.150,11.781,19.491,-15.784,5.004,-3.110,-5.004
1764267061.2846873,$VNYMR,2,255201912,0,0,0,-0.297,-0.270,-0.386,-1.007,10.986,16.290,2.858,-0.339,1.584
1764267061.342221,$VNYMR,3,255259840,0,0,0,-0.172,-0.190,-0.405,-1.710,10.300,16.560,3.905,-1.521,2.433
1764267061.3963394,$VNYMR,1,255314806,0,0,0,-0.602,0.147,-0.451,3.455,-19.600,4.688,-5.004,-1.096,5.004
1764267061.4501646,$VNYMR,2,255368898,0,0,0,-0.299,-0.315,-0.384,2.084,5.751,12.718,0.038,1.776,-3.129
1764267061.5075424,$VNYMR,3,255425565,0,0,0,-0.219,-0.212,-0.385,-0.180,19.590,17.950,0.276,1.524,-2.765
1764267061.5624738,$VNYMR,1,255480868,0,0,0,-0.458,-0.196,-0.142,-5.844,8.524,16.276,-1.910,1.074,5.004
1764267061.615919,$VNYMR,2,255535114,0,0,0,-0.350,-0.243,-0.342,3.928,-19.600,4.447,-1.949,0.402,0.286
1764267061.6727848,$VNYMR,3,255591046,0,0,0,-0.227,-0.212,-0.385,4.240,-29.970,3.780,-1.657,0.845,-2.152
1764267061.7323496,$VNYMR,1,255650044,0,0,0,-0.310,-0.210,-0.076,-19.600,18.907,-13.470,-4.996,-0.829,-1.561
1764267061.7861896,$VNYMR,2,255704921,0,0,0,-0.331,-0.253,-0.381,-1.399,-15.464,3.195,-0.756,-1.858,2.711
1764267061.8435748,$VNYMR,3,255761481,0,0,0,-0.205,-0.194,-0.405,0.360,-23.980,-1.690,-0.007,-0.219,0.792
1764267061.8979661,$VNYMR,1,255816161,0,0,0,-0.452,-0.196,-0.069,-18.352,5.692,0.185,5.004,-0.690,-0.219
1764267061.9523444,$VNYMR,2,255870565,0,0,0,-0.319,-0.238,-0.390,0.628,15.372,14.562,0.649,-0.812,0.700
1764267062.010192,$VNYMR,3,255927795,0,0,0,-0.183,-0.168,-0.409,0.440,16.130,15.240,-0.157,-2.250,2.342
1764267062.0650437,$VNYMR,1,255983113,0,0,0,-0.633,0.099,-0.436,6.911,-19.600,9.884,-5.004,1.269,5.004
1764267062.120783,$VNYMR,2,256037919,0,0,0,-0.308,-0.219,-0.406,2.586,7.689,15.568,-0.221,1.616,-2.498
1764267062.1772032,$VNYMR,3,256095889,0,0,0,-0.227,-0.139,-0.405,1.290,15.710,18.310,-0.167,0.543,-0.849
1764267062.232598,$VNYMR,1,256149770,0,0,0,-0.498,-0.114,-0.243,-1.062,-2.498,4.030,-1.332,-1.217,4.281
1764267062.286561,$VNYMR,2,256205166,0,0,0,-0.397,-0.163,-0.380,4.702,-11.517,1.790,-2.149,-1.458,-0.517
1764267062.3444042,$VNYMR,3,256262127,0,0,0,-0.274,-0.102,-0.397,4.710,-6.500,-1.390,-1.872,0.361,-1.377
1764267062.399257,$VNYMR,1,256317392,0,0,0,-0.485,-0.169,-0.201,-1.849,14.164,3.039,-3.776,3.497,2.281
1764267062.4547276,$VNYMR,2,256372139,0,0,0,-0.425,-0.169,-0.353,1.290,-11.445,-0.231,-0.709,-2.591,2.280
1764267062.5102608,$VNYMR,3,256429825,0,0,0,-0.271,-0.132,-0.390,0.290,-17.560,-2.970,-0.363,-2.426,1.633
1764267062.5643167,$VNYMR,1,256482873,0,0,0,-0.502,-0.174,-0.137,-3.170,-7.020,3.349,5.004,5.004,-5.004
1764267062.6187212,$VNYMR,2,256537244,0,0,0,-0.308,-0.256,-0.380,0.921,15.541,19.600,1.444,1.547,-1.051
1764267062.6750982,$VNYMR,3,256593901,0,0,0,-0.231,-0.146,-0.405,1.060,18.130,21.570,0.796,-0.827,0.388
1764267062.7295198,$VNYMR,1,256647672,0,0,0,-0.514,-0.153,-0.211,-9.455,-0.093,9.144,-4.886,5.003,2.562
1764267062.7843738,$VNYMR,2,256702579,0,0,0,-0.386,-0.297,-0.344,4.466,-19.576,4.531,2.644,0.334,0.650
1764267062.8422196,$VNYMR,3,256760124,0,0,0,-0.271,-0.172,-0.381,4.530,-23.680,3.930,2.265,2.266,-1.354
1764267062.8955748,$VNYMR,1,256815126,0,0,0,-0.455,-0.202,-0.099,-0.409,15.921,0.622,-5.004,-0.255,5.004
1764267062.9494898,$VNYMR,2,256868142,0,0,0,-0.347,-0.323,-0.329,-0.110,11.051,9.910,1.288,-0.879,1.835
1764267063.0064902,$VNYMR,3,256925201,0,0,0,-0.201,-0.257,-0.362,-0.800,11.560,8.930,0.923,-1.455,2.793
1764267063.0601313,$VNYMR,1,256979037,0,0,0,-0.632,-0.127,-0.155,-0.179,3.202,1.304,-1.398,1.817,3.329
1764267063.1166825,$VNYMR,2,257033601,0,0,0,-0.514,-0.122,-0.292,1.485,-3.324,9.445,-1.147,-0.172,3.560
1764267063.1730385,$VNYMR,3,257091771,0,0,0,-0.366,-0.136,-0.301,1.430,-6.120,10.550,-3.174,-1.022,3.614
1764267063.227652,$VNYMR,1,257146120,0,0,0,-0.793,0.210,-0.302,9.077,-6.034,8.816,-5.004,-2.740,0.363
1764267063.2815073,$VNYMR,2,257200551,0,0,0,-0.557,0.201,-0.092,1.763,-19.600,-5.512,-3.647,-1.946,0.829
1764267063.3393526,$VNYMR,3,257257351,0,0,0,-0.432,0.287,-0.109,2.290,-25.820,-9.200,-1.289,-0.584,-1.151
1764267063.3931165,$VNYMR,1,257312748,0,0,0,-0.795,0.198,-0.308,0.592,-6.231,4.488,5.004,5.004,-5.004
1764267063.4465299,$VNYMR,2,257365638,0,0,0,-0.524,-0.066,-0.255,1.300,-6.998,1.064,2.551,1.794,-4.602
1764267063.5030828,$VNYMR,3,257421666,0,0,0,-0.446,0.094,-0.215,-1.660,-2.260,-0.650,3.843,2.787,-4.659
1764267063.5584571,$VNYMR,1,257476260,0,0,0,-0.533,-0.204,-0.036,-3.021,9.607,2.028,3.693,0.474,-5.004
1764267063.6133087,$VNYMR,2,257531099,0,0,0,-0.303,-0.439,-0.260,-0.346,3.435,10.306,1.925,1.224,-3.232
1764267063.6701589,$VNYMR,3,257588749,0,0,0,-0.262,-0.307,-0.300,-1.760,3.740,10.140,1.370,0.316,-3.536
1764267063.7250445,$VNYMR,1,257643147,0,0,0,-0.296,-0.162,0.193,-6.329,11.389,-2.576,2.105,-1.402,-2.443
1764267063.7791743,$VNYMR,2,257698086,0,0,0,-0.041,-0.530,-0.149,-3.332,6.672,7.888,1.559,-0.540,-1.946
1764267063.8349984,$VNYMR,3,257754277,0,0,0,0.032,-0.471,-0.207,-3.970,2.230,8.540,2.661,-1.107,-2.989
1764267063.8946211,$VNYMR,1,257813045,0,0,0,-0.194,-0.036,0.313,-6.677,10.979,-8.029,2.059,0.527,0.746
1764267063.9488373,$VNYMR,2,257867183,0,0,0,0.012,-0.553,0.030,-4.972,19.569,0.818,1.406,-1.067,-0.188
1764267064.0058057,$VNYMR,3,257923928,0,0,0,0.150,-0.490,-0.071,-5.080,24.590,-1.580,1.347,-0.128,2.265
1764267064.059663,$VNYMR,1,257979249,0,0,0,-0.366,-0.138,0.258,-5.029,9.696,-6.696,-3.035,0.279,3.203
1764267064.112521,$VNYMR,2,258030907,0,0,0,-0.338,-0.483,-0.137,-3.093,9.107,4.641,-2.043,0.169,5.004
1764267064.169033,$VNYMR,3,258087668,0,0,0,-0.101,-0.490,-0.115,-5.510,8.950,4.460,-2.499,0.477,6.775
1764267064.223112,$VNYMR,1,258141604,0,0,0,-0.782,-0.053,-0.173,-6.967,2.737,6.417,-4.831,2.342,4.875
1764267064.2769454,$VNYMR,2,258195665,0,0,0,-0.606,0.004,-0.116,-0.274,-5.277,4.426,-3.230,-3.075,4.562
1764267064.3345711,$VNYMR,3,258252632,0,0,0,-0.499,0.042,-0.151,-1.610,-6.800,2.070,-2.881,-2.906,3.862
1764267064.3892243,$VNYMR,1,258307136,0,0,0,-0.862,0.397,-0.174,-0.824,-6.543,2.557,-2.112,-1.886,4.867
1764267064.4423475,$VNYMR,2,258361784,0,0,0,-0.497,0.240,0.255,-1.764,-13.067,-9.044,-4.057,-3.890,3.184
1764267064.5005984,$VNYMR,3,258418220,0,0,0,-0.409,0.290,0.139,-2.240,-16.440,-11.980,-2.746,-2.988,2.415
1764267064.5544546,$VNYMR,1,258473138,0,0,0,-0.747,0.590,0.150,0.035,-16.615,-14.561,2.931,0.252,-3.733
1764267064.6103055,$VNYMR,2,258527924,0,0,0,-0.484,0.231,0.232,-0.521,-17.032,-14.215,1.117,0.858,-1.304
1764267064.6661348,$VNYMR,3,258585434,0,0,0,-0.282,0.317,0.260,-1.790,-17.960,-15.440,1.610,1.570,-2.529
1764267064.7196069,$VNYMR,1,258638663,0,0,0,-0.928,0.345,-0.129,-1.927,-9.571,-2.329,5.004,5.004,-5.004
1764267064.7742696,$VNYMR,2,258692136,0,0,0,-0.673,-0.020,-0.001,1.196,-6.035,0.112,2.565,2.152,-4.790
1764267064.8316138,$VNYMR,3,258749435,0,0,0,-0.509,0.084,0.004,-0.470,-4.490,-0.460,2.065,2.350,-4.761
1764267064.8862946,$VNYMR,1,258804160,0,0,0,-0.712,-0.089,0.037,0.734,1.420,-0.753,1.540,-1.395,-5.004
1764267064.9393828,$VNYMR,2,258858846,0,0,0,-0.451,-0.387,-0.100,1.820,2.841,5.728,1.041,1.198,-4.207
1764267064.9965756,$VNYMR,3,258915172,0,0,0,-0.414,-0.279,-0.107,-0.470,3.550,5.920,-1.508,0.959,-4.145
1764267065.05082,$VNYMR,1,258969097,0,0,0,-0.484,-0.143,0.258,-3.796,8.460,-2.373,2.069,-1.031,-3.367
1764267065.105673,$VNYMR,2,259023893,0,0,0,-0.182,-0.574,0.042,-0.836,6.723,5.690,4.361,0.040,-4.082
1764267065.1635184,$VNYMR,3,259081340,0,0,0,-0.154,-0.488,-0.080,-2.340,3.950,6.600,4.903,-0.972,-4.448
1764267065.21791,$VNYMR,1,259136124,0,0,0,-0.244,0.119,0.420,-10.792,4.778,-12.290,1.802,-2.275,-0.934
1764267065.271753,$VNYMR,2,259190475,0,0,0,0.086,-0.523,0.136,-10.264,19.596,-0.798,-0.839,0.304,0.134
1764267065.32801,$VNYMR,3,259246902,0,0,0,0.218,-0.456,0.109,-9.910,24.800,-0.500,-2.005,0.091,1.744
1764267065.3825715,$VNYMR,1,259300568,0,0,0,-0.237,-0.009,0.382,-6.132,5.406,-17.764,-1.451,2.652,-3.111
1764267065.4365675,$VNYMR,2,259355114,0,0,0,-0.179,-0.564,-0.039,-4.835,9.829,5.953,-3.260,1.278,4.783
1764267065.4939303,$VNYMR,3,259411674,0,0,0,-0.013,-0.514,-0.040,-5.450,8.270,6.300,-1.397,0.867,4.513
1764267065.5462606,$VNYMR,1,259466448,0,0,0,-0.558,-0.158,0.166,-5.716,7.179,1.596,-3.276,3.032,4.024
1764267065.6001604,$VNYMR,2,259518681,0,0,0,-0.530,-0.330,-0.039,-2.064,1.158,4.187,-1.236,-1.213,5.004
1764267065.6564853,$VNYMR,3,259575259,0,0,0,-0.351,-0.372,-0.099,-2.990,1.330,4.390,-3.702,-2.314,5.715
1764267065.7108881,$VNYMR,1,259629252,0,0,0,-0.935,0.135,-0.061,1.982,-4.807,1.982,-3.983,-0.661,5.004
1764267065.7646182,$VNYMR,2,259683435,0,0,0,-0.616,0.101,0.113,0.119,-6.523,-3.096,-2.839,-1.500,4.943
1764267065.8219364,$VNYMR,3,259739702,0,0,0,-0.487,0.160,0.087,-1.830,-7.400,-4.820,-2.989,-1.139,4.652
1764267065.8757904,$VNYMR,1,259795017,0,0,0,-0.824,0.628,0.000,0.598,-13.620,0.309,-1.745,0.424,5.004
1764267065.9306443,$VNYMR,2,259849021,0,0,0,-0.423,0.280,0.277,-2.373,-13.472,-7.882,-1.199,-1.514,2.915
1764267065.9884887,$VNYMR,3,259905893,0,0,0,-0.304,0.317,0.248,-3.090,-16.660,-7.720,0.035,-1.917,1.458
1764267066.0459151,$VNYMR,1,259965048,0,0,0,-0.644,0.664,0.245,-1.721,-17.937,-12.987,-4.133,-1.376,3.142
1764267066.0998034,$VNYMR,2,260018327,0,0,0,-0.417,0.291,0.241,-0.831,-16.650,-9.582,1.859,2.183,-2.290
1764267066.1564844,$VNYMR,3,260074897,0,0,0,-0.206,0.374,0.285,-1.530,-14.830,-9.260,0.575,2.081,-2.250
1764267066.211131,$VNYMR,1,260129029,0,0,0,-0.907,0.508,0.022,6.942,-8.413,1.975,-1.327,0.712,-0.813
1764267066.265882,$VNYMR,2,260183659,0,0,0,-0.606,0.148,0.099,-0.035,-7.506,-3.362,0.874,2.922,-3.506
1764267066.322709,$VNYMR,3,260240966,0,0,0,-0.481,0.205,0.094,-1.490,-6.820,-3.230,0.200,3.136,-3.510
1764267066.3775153,$VNYMR,1,260295268,0,0,0,-0.841,0.050,-0.167,1.443,0.639,1.685,-0.079,-0.589,-5.004
1764267066.432566,$VNYMR,2,260350067,0,0,0,-0.559,-0.156,-0.242,-1.776,-1.230,3.001,-1.756,5.004,-3.359
1764267066.489281,$VNYMR,3,260407635,0,0,0,-0.477,-0.049,-0.190,-5.390,-2.580,2.260,-1.460,6.356,-3.293
1764267066.5437245,$VNYMR,1,260461843,0,0,0,-0.348,-0.104,-0.285,-7.293,7.067,3.812,-1.939,2.334,-5.004
1764267066.5984838,$VNYMR,2,260516275,0,0,0,-0.032,-0.133,-0.480,-9.145,2.585,12.321,-0.693,5.004,-0.530
1764267066.6555214,$VNYMR,3,260573658,0,0,0,-0.039,-0.062,-0.484,-13.530,5.860,12.380,-0.429,6.925,0.413
1764267066.7103753,$VNYMR,1,260628342,0,0,0,0.023,0.141,-0.004,-12.250,0.596,-3.124,-1.031,4.917,1.079
1764267066.7642298,$VNYMR,2,260683146,0,0,0,0.318,-0.292,-0.123,-18.736,9.233,7.732,0.030,5.004,5.004
1764267066.8217003,$VNYMR,3,260740260,0,0,0,0.475,-0.157,-0.185,-24.090,9.420,9.690,-1.550,4.246,7.125
1764267066.8746006,$VNYMR,1,260794246,0,0,0,-0.175,0.028,0.362,-13.407,4.858,-9.026,2.451,5.004,-0.715
1764267066.9296443,$VNYMR,2,260847750,0,0,0,-0.041,-0.562,0.015,-12.571,14.050,6.607,-0.868,1.106,5.004
1764267066.9859095,$VNYMR,3,260904783,0,0,0,0.144,-0.491,-0.042,-14.790,14.970,8.100,1.396,0.524,7.815
1764267067.041088,$VNYMR,1,260958879,0,0,0,-0.612,-0.035,0.320,-1.932,11.467,-3.205,1.514,-2.805,4.055
1764267067.0943708,$VNYMR,2,261013620,0,0,0,-0.486,-0.425,0.089,-6.693,4.052,-1.609,-2.199,-5.004,3.970
1764267067.1522746,$VNYMR,3,261070290,0,0,0,-0.302,-0.416,0.025,-0.680,-0.530,-8.630,-1.494,-4.191,3.277
1764267067.2065635,$VNYMR,1,261124829,0,0,0,-0.733,0.078,0.323,-5.437,16.546,-3.199,3.649,-1.291,1.219
1764267067.2611687,$VNYMR,2,261179069,0,0,0,-0.488,-0.351,0.211,0.427,6.900,6.919,-3.949,-4.539,3.218
1764267067.3178382,$VNYMR,3,261236352,0,0,0,-0.377,-0.295,0.185,-3.020,6.380,11.850,-6.476,-7.293,2.417
1764267067.3711712,$VNYMR,1,261290349,0,0,0,-0.616,0.118,0.451,5.503,1.733,-7.228,0.062,-5.004,0.877
1764267067.4252465,$VNYMR,2,261343696,0,0,0,-0.345,-0.417,0.240,5.269,8.411,-0.233,-4.358,-2.801,1.535
1764267067.481844,$VNYMR,3,261400331,0,0,0,-0.235,-0.391,0.233,2.300,7.810,-1.720,-5.138,-2.231,2.268
1764267067.5357683,$VNYMR,1,261454723,0,0,0,-0.517,-0.151,0.200,0.019,4.936,-1.512,-5.004,-0.237,1.204
1764267067.5891287,$VNYMR,2,261508311,0,0,0,-0.402,-0.408,-0.204,5.503,4.823,5.736,-5.004,-0.252,0.592
1764267067.6453836,$VNYMR,3,261564170,0,0,0,-0.296,-0.410,-0.126,7.350,3.230,3.440,-7.438,0.455,0.152
1764267067.6990545,$VNYMR,1,261617877,0,0,0,-0.606,-0.089,-0.284,2.961,9.469,2.908,-5.004,-3.863,2.320
1764267067.752432,$VNYMR,2,261671563,0,0,0,-0.475,0.120,-0.264,4.732,-6.424,3.805,-5.004,-0.929,1.241
1764267067.8084817,$VNYMR,3,261727751,0,0,0,-0.354,0.013,-0.370,7.460,-15.360,2.110,-6.843,-0.238,0.081
1764267067.8639722,$VNYMR,1,261781744,0,0,0,-0.801,0.237,-0.345,10.399,-0.608,7.778,-3.215,-1.700,-1.227
1764267067.916965,$VNYMR,2,261836461,0,0,0,-0.564,0.168,-0.127,11.105,-11.356,6.532,-0.354,-1.689,-2.705
1764267067.9741933,$VNYMR,3,261892623,0,0,0,-0.427,0.254,-0.147,8.910,-14.470,6.070,1.610,-1.971,-4.075
1764267068.0275257,$VNYMR,1,261946727,0,0,0,-0.872,0.080,-0.052,4.700,3.744,2.766,2.682,-2.047,0.428
1764267068.0819123,$VNYMR,2,262000245,0,0,0,-0.627,-0.154,0.148,5.192,1.902,-5.131,3.703,-4.134,-4.571
1764267068.1380017,$VNYMR,3,262057080,0,0,0,-0.530,-0.023,0.036,2.630,6.520,-7.160,4.533,-3.627,-3.522
1764267068.1978414,$VNYMR,1,262116050,0,0,0,-0.822,0.264,0.372,-4.594,-9.468,-9.716,0.753,-4.595,5.004
1764267068.252666,$VNYMR,2,262170924,0,0,0,-0.399,-0.026,0.452,-3.685,-3.785,-7.492,5.004,-4.281,-0.854
1764267068.3091016,$VNYMR,3,262227737,0,0,0,-0.347,-0.092,0.347,-1.260,-13.860,-9.320,5.478,-3.701,-0.677
1764267068.3644807,$VNYMR,1,262282534,0,0,0,-0.661,0.565,0.306,-3.273,-19.600,-8.342,-1.872,-5.004,-4.209
1764267068.4178874,$VNYMR,2,262336979,0,0,0,-0.360,0.230,0.321,-0.683,-17.240,-7.369,5.004,-1.252,-4.788
1764267068.4755828,$VNYMR,3,262393400,0,0,0,-0.186,0.280,0.319,-2.460,-18.300,-10.100,5.544,-0.944,-5.414
1764267068.5301924,$VNYMR,1,262448087,0,0,0,-0.934,0.474,-0.053,8.121,-11.070,6.139,5.004,2.543,-3.945
1764267068.5843024,$VNYMR,2,262502723,0,0,0,-0.603,0.090,0.105,8.943,-4.668,2.460,4.593,0.299,-5.004
1764267068.640266,$VNYMR,3,262559426,0,0,0,-0.442,0.211,0.119,7.750,-4.240,1.100,3.954,0.348,-4.564
1764267068.6923006,$VNYMR,1,262612869,0,0,0,-0.891,0.153,0.114,5.148,7.947,-0.361,4.660,-2.661,-2.611
1764267068.7479022,$VNYMR,2,262665681,0,0,0,-0.597,-0.136,0.207,7.177,0.386,0.480,1.848,-2.163,-2.118
1764267068.80472,$VNYMR,3,262723131,0,0,0,-0.501,-0.029,0.135,6.410,-2.970,-0.560,1.630,-2.440,-2.623
1764267068.8575299,$VNYMR,1,262777093,0,0,0,-0.774,0.200,0.344,5.178,5.195,-2.293,3.205,-3.621,-0.384
1764267068.9117508,$VNYMR,2,262830470,0,0,0,-0.402,-0.292,0.339,1.535,0.027,-1.527,0.996,-2.246,-4.154
1764267068.968971,$VNYMR,3,262886715,0,0,0,-0.298,-0.229,0.343,-2.060,-0.150,-1.720,0.041,-3.013,-5.061
1764267069.0235643,$VNYMR,1,262941529,0,0,0,-0.528,0.235,0.489,-5.894,2.806,-6.944,2.133,-3.217,-1.075
1764267069.0780869,$VNYMR,2,262996091,0,0,0,-0.056,-0.473,0.332,-6.306,11.969,2.513,-3.122,-0.913,-3.298
1764267069.1357405,$VNYMR,3,263053157,0,0,0,0.036,-0.395,0.303,-7.220,13.800,4.170,-3.238,-2.239,-2.537
1764267069.1898344,$VNYMR,1,263108280,0,0,0,-0.196,0.031,0.370,-11.002,5.908,-6.072,-5.004,-3.757,0.704
1764267069.2445104,$VNYMR,2,263162327,0,0,0,0.079,-0.527,-0.094,-5.867,6.436,8.158,-3.994,-3.175,-0.353
1764267069.3012264,$VNYMR,3,263219913,0,0,0,0.205,-0.494,-0.004,-6.780,4.250,9.270,-5.890,-3.339,-1.040
1764267069.3555684,$VNYMR,1,263273783,0,0,0,-0.102,-0.098,-0.055,-10.655,7.038,5.874,-3.422,-5.004,0.763
1764267069.4099035,$VNYMR,2,263328069,0,0,0,-0.068,-0.253,-0.433,-4.215,2.145,15.854,-3.984,-4.215,-1.970
1764267069.4661891,$VNYMR,3,263384960,0,0,0,0.117,-0.209,-0.458,-5.330,4.120,16.350,-4.511,-4.950,-2.047
1764267069.520084,$VNYMR,1,263438730,0,0,0,-0.453,-0.005,-0.382,-2.170,8.093,5.650,-2.274,-5.004,2.742
1764267069.5735173,$VNYMR,2,263492613,0,0,0,-0.419,0.049,-0.356,4.532,-4.745,9.288,-2.584,-4.596,-1.336
1764267069.6313167,$VNYMR,3,263548930,0,0,0,-0.231,0.119,-0.411,3.770,-4.260,7.980,-2.378,-4.371,-1.320
1764267069.6861756,$VNYMR,1,263603856,0,0,0,-0.794,0.031,-0.219,7.394,0.042,4.050,1.724,-5.004,-1.125
1764267069.7406573,$VNYMR,2,263658706,0,0,0,-0.621,-0.065,-0.106,6.564,-0.798,1.609,1.399,-3.462,-1.606
1764267069.7977417,$VNYMR,3,263716180,0,0,0,-0.484,0.061,-0.189,5.260,-0.360,1.570,2.194,-3.835,-1.331
1764267069.850709,$VNYMR,1,263770287,0,0,0,-0.857,0.076,0.131,7.344,3.101,-3.253,5.004,-3.790,-0.095
1764267069.9045036,$VNYMR,2,263823186,0,0,0,-0.590,-0.139,0.232,6.111,-1.372,-2.819,3.940,-3.067,-0.627
1764267069.9625552,$VNYMR,3,263880279,0,0,0,-0.480,-0.068,0.182,3.880,-1.830,-2.560,2.827,-3.481,-0.045
1764267070.0173938,$VNYMR,1,263935067,0,0,0,-0.836,0.347,0.303,2.949,-7.118,-6.973,3.731,-3.693,-0.082
1764267070.0718837,$VNYMR,2,263990008,0,0,0,-0.480,-0.011,0.388,-0.358,-6.829,-9.620,4.947,-0.203,-3.625
1764267070.128927,$VNYMR,3,264046972,0,0,0,-0.340,0.036,0.357,-1.140,-8.300,-12.230,6.140,0.314,-4.548
1764267070.1828532,$VNYMR,1,264101467,0,0,0,-0.906,0.289,0.159,6.838,1.483,-1.086,5.004,3.559,-5.004
1764267070.2372258,$VNYMR,2,264155594,0,0,0,-0.573,-0.062,0.263,9.651,-2.556,0.513,4.859,1.279,-5.004
1764267070.2939985,$VNYMR,3,264213037,0,0,0,-0.432,0.036,0.270,7.810,-4.220,-0.580,5.305,0.861,-5.976
1764267070.351731,$VNYMR,1,264271040,0,0,0,-0.795,0.177,0.321,6.587,4.035,-1.949,4.965,-1.206,-4.894
1764267070.4065514,$VNYMR,2,264324292,0,0,0,-0.430,-0.306,0.347,4.073,3.643,-1.871,3.036,0.002,-5.004
1764267070.4642324,$VNYMR,3,264381645,0,0,0,-0.310,-0.246,0.315,0.300,4.030,-2.720,3.305,-0.173,-7.290
1764267070.5183053,$VNYMR,1,264437087,0,0,0,-0.536,0.323,0.492,-5.365,3.508,-12.339,4.677,-4.953,0.872
1764267070.5721984,$VNYMR,2,264490932,0,0,0,-0.081,-0.327,0.413,-0.778,5.742,0.979,0.127,-1.902,-2.475
1764267070.6292226,$VNYMR,3,264547268,0,0,0,0.017,-0.268,0.410,-2.140,7.290,2.670,-1.535,-2.486,-1.969
1764267070.683143,$VNYMR,1,264601710,0,0,0,-0.225,0.325,0.458,-9.572,5.836,-15.482,-1.717,-5.004,1.179
1764267070.7366688,$VNYMR,2,264655672,0,0,0,0.095,-0.486,0.221,-4.636,11.981,2.741,-3.616,-2.684,2.883
1764267070.7934093,$VNYMR,3,264711768,0,0,0,0.244,-0.349,0.275,-5.320,11.940,2.910,-5.522,-3.016,2.901
1764267070.8475602,$VNYMR,1,264766134,0,0,0,-0.193,-0.045,0.293,-6.575,7.978,1.082,-3.085,-2.264,4.137
1764267070.9017735,$VNYMR,2,264820069,0,0,0,-0.051,-0.531,-0.170,0.133,7.735,11.105,-4.657,-3.096,1.424
1764267070.9581292,$VNYMR,3,264876925,0,0,0,0.071,-0.472,-0.191,-0.920,7.570,11.330,-5.169,-3.534,1.114
1764267071.012523,$VNYMR,1,264930742,0,0,0,-0.342,-0.175,-0.196,-5.192,14.118,10.222,-5.004,-5.004,2.584
1764267071.0666742,$VNYMR,2,264985089,0,0,0,-0.347,-0.075,-0.418,0.745,1.172,18.486,-5.004,-4.615,-0.604
1764267071.1238925,$VNYMR,3,265041744,0,0,0,-0.183,-0.094,-0.455,-0.030,2.010,18.550,-7.508,-5.707,-1.082
1764267071.1778026,$VNYMR,1,265096869,0,0,0,-0.760,0.155,-0.360,2.028,-2.025,5.802,-0.589,-0.037,1.658
1764267071.2312493,$VNYMR,2,265150282,0,0,0,-0.583,0.146,-0.136,6.843,-5.039,4.025,-2.343,-2.640,-1.858
1764267071.287283,$VNYMR,3,265206286,0,0,0,-0.429,0.204,-0.198,6.490,-4.780,3.530,-0.045,-2.957,-2.212
1764267071.342065,$VNYMR,1,265260624,0,0,0,-0.890,0.075,-0.100,7.273,1.627,1.932,2.415,-0.443,0.272
1764267071.3973489,$VNYMR,2,265314552,0,0,0,-0.639,-0.042,0.033,8.045,-2.572,-0.349,4.142,-1.944,-1.809
1764267071.453553,$VNYMR,3,265372499,0,0,0,-0.524,0.045,0.014,6.540,-1.090,-0.890,3.473,-2.102,-1.417
1764267071.5064754,$VNYMR,1,265426089,0,0,0,-0.904,0.166,0.131,6.837,-4.419,-5.463,4.297,-3.132,0.668
1764267071.5606656,$VNYMR,2,265479592,0,0,0,-0.595,-0.098,0.235,8.268,-7.625,-8.436,5.004,-1.789,-2.276
1764267071.6182811,$VNYMR,3,265535721,0,0,0,-0.482,-0.014,0.191,7.270,-4.860,-12.160,5.415,-0.190,-3.439
1764267071.6719005,$VNYMR,1,265590982,0,0,0,-0.894,0.175,0.137,9.036,-1.987,3.702,3.921,4.035,-1.836
1764267071.7255232,$VNYMR,2,265644751,0,0,0,-0.608,-0.076,0.200,7.739,-8.846,-1.635,4.636,0.675,-1.508
1764267071.782272,$VNYMR,3,265700644,0,0,0,-0.486,0.002,0.177,7.740,-12.690,-3.580,5.704,0.965,-3.238
1764267071.837016,$VNYMR,1,265755329,0,0,0,-0.897,0.126,0.192,9.345,1.059,2.286,4.559,0.998,-3.719
1764267071.8905592,$VNYMR,2,265809535,0,0,0,-0.561,-0.262,0.234,9.675,-4.082,-0.450,4.861,0.337,-4.645
1764267071.9479818,$VNYMR,3,265866167,0,0,0,-0.475,-0.105,0.166,7.030,-5.880,-2.340,5.229,0.471,-5.601
1764267072.0012121,$VNYMR,1,265920529,0,0,0,-0.688,0.183,0.419,6.665,7.850,-3.663,5.004,-2.615,-3.786
1764267072.0553067,$VNYMR,2,265973725,0,0,0,-0.329,-0.355,0.409,4.831,3.501,-1.136,2.240,-0.526,-4.928
1764267072.112905,$VNYMR,3,266030357,0,0,0,-0.218,-0.305,0.334,2.590,3.370,-1.450,2.106,-0.950,-5.150
1764267072.1688254,$VNYMR,1,266085760,0,0,0,-0.497,0.319,0.506,-1.692,2.671,-4.094,2.257,-2.563,-1.813
1764267072.2225616,$VNYMR,2,266141302,0,0,0,-0.031,-0.371,0.407,-3.526,5.392,-0.039,-0.873,-2.189,-2.730
1764267072.2803915,$VNYMR,3,266197678,0,0,0,0.054,-0.309,0.402,-4.960,6.030,0.550,-1.915,-2.449,-2.386
1764267072.3342123,$VNYMR,1,266252924,0,0,0,-0.195,0.221,0.453,-11.088,1.120,-5.200,-4.483,-2.406,0.890
1764267072.3883896,$VNYMR,2,266306735,0,0,0,0.208,-0.455,0.124,-10.111,10.672,5.165,-3.634,-4.154,-1.043
1764267072.4460332,$VNYMR,3,266363509,0,0,0,0.300,-0.394,0.199,-11.700,12.050,7.280,-3.793,-4.836,-0.627
1764267072.5050378,$VNYMR,1,266423044,0,0,0,-0.068,-0.034,0.122,-10.939,11.610,1.771,-4.311,-4.473,2.829
1764267072.5595574,$VNYMR,2,266477557,0,0,0,0.067,-0.327,-0.354,-3.702,4.807,15.137,-4.105,-5.004,-0.034
1764267072.6159565,$VNYMR,3,266534606,0,0,0,0.228,-0.302,-0.355,-4.640,5.010,15.280,-4.593,-5.737,-0.457
1764267072.670089,$VNYMR,1,266588497,0,0,0,-0.398,-0.076,-0.317,-4.424,14.151,8.878,-2.521,-5.004,2.764
1764267072.7241535,$VNYMR,2,266642612,0,0,0,-0.411,0.036,-0.392,1.302,0.246,14.657,-3.715,-5.004,-1.932
1764267072.7819538,$VNYMR,3,266699215,0,0,0,-0.166,0.019,-0.456,-0.310,2.870,12.890,-3.397,-6.207,-1.662
1764267072.836054,$VNYMR,1,266754495,0,0,0,-0.805,0.117,-0.305,6.900,5.955,4.813,-2.737,-2.828,2.222
1764267072.8894732,$VNYMR,2,266808685,0,0,0,-0.588,0.038,-0.136,6.504,-6.305,0.450,-0.160,-2.785,-0.460
1764267072.9474745,$VNYMR,3,266865107,0,0,0,-0.445,0.160,-0.217,5.630,-8.550,-0.540,3.143,-2.974,-1.492
1764267073.0029788,$VNYMR,1,266919973,0,0,0,-0.833,-0.005,-0.068,8.456,3.371,-2.411,4.490,-1.110,-0.969
1764267073.0565271,$VNYMR,2,266975500,0,0,0,-0.621,-0.137,-0.045,8.722,-0.877,0.145,5.004,-0.092,-0.454
1764267073.113556,$VNYMR,3,267031641,0,0,0,-0.521,-0.055,-0.072,8.220,-1.890,1.430,5.275,-0.714,-0.252
1764267073.1672866,$VNYMR,1,267086058,0,0,0,-0.834,0.022,0.105,8.758,-0.689,-2.396,1.356,1.832,-0.317
1764267073.2197335,$VNYMR,2,267139758,0,0,0,-0.591,-0.216,0.177,10.102,-5.011,-4.286,5.004,-0.108,-2.828
1764267073.2770395,$VNYMR,3,267195888,0,0,0,-0.502,-0.116,0.071,6.110,-2.890,-6.710,7.663,0.371,-3.547
1764267073.3317606,$VNYMR,1,267249541,0,0,0,-0.780,0.087,0.281,9.797,4.458,-1.234,5.004,1.698,-4.395
1764267073.3855307,$VNYMR,2,267304278,0,0,0,-0.556,-0.245,0.222,8.924,-2.335,-0.106,4.288,2.098,-2.056
1764267073.440916,$VNYMR,3,267360626,0,0,0,-0.441,-0.165,0.206,8.260,-2.410,-1.800,4.116,2.086,-2.508
1764267073.4966862,$VNYMR,1,267414391,0,0,0,-0.757,0.099,0.310,6.586,6.345,-0.334,5.004,0.465,-4.070
1764267073.550373,$VNYMR,2,267469211,0,0,0,-0.458,-0.327,0.262,5.573,1.076,-1.103,4.459,0.981,-5.004
1764267073.6060402,$VNYMR,3,267525491,0,0,0,-0.352,-0.261,0.252,2.980,1.730,-2.290,3.518,0.878,-5.936
1764267073.6597264,$VNYMR,1,267578603,0,0,0,-0.558,0.218,0.475,-2.722,7.132,-4.370,5.004,-3.791,-3.629
1764267073.7124891,$VNYMR,2,267632201,0,0,0,-0.139,-0.415,0.387,-1.858,7.431,2.495,-0.411,-1.728,-3.949
1764267073.7698202,$VNYMR,3,267688340,0,0,0,-0.054,-0.346,0.357,-4.100,8.660,4.150,-2.089,-2.342,-3.514
1764267073.8255544,$VNYMR,1,267743061,0,0,0,-0.235,0.169,0.426,-9.501,5.532,-1.366,-2.686,-5.004,0.413
1764267073.8805487,$VNYMR,2,267798069,0,0,0,0.104,-0.523,0.032,-7.246,8.075,10.296,-4.744,-3.442,-1.692
1764267073.9372966,$VNYMR,3,267855621,0,0,0,0.184,-0.460,0.119,-9.380,8.040,14.030,-6.082,-4.704,-1.990
1764267073.9909139,$VNYMR,1,267909814,0,0,0,-0.007,0.043,-0.083,-13.119,5.924,7.997,-1.985,-5.004,0.691
1764267074.0468688,$VNYMR,2,267963624,0,0,0,0.022,-0.185,-0.418,-6.057,0.035,15.391,-5.004,-5.004,-3.181
1764267074.1040053,$VNYMR,3,268021925,0,0,0,0.168,-0.151,-0.452,-6.000,0.000,13.310,-6.256,-4.503,-3.374
1764267074.158991,$VNYMR,1,268076530,0,0,0,-0.426,0.098,-0.470,-3.775,3.489,16.169,-0.217,-5.004,0.273
1764267074.2135541,$VNYMR,2,268131499,0,0,0,-0.389,0.127,-0.345,4.707,-3.803,10.146,-2.493,-4.365,-3.163
1764267074.2703612,$VNYMR,3,268188611,0,0,0,-0.214,0.207,-0.404,5.020,-1.710,8.280,-1.781,-3.845,-1.945
1764267074.325144,$VNYMR,1,268243069,0,0,0,-0.738,0.024,-0.335,9.693,-1.108,3.787,2.999,-2.652,-0.612
1764267074.38061,$VNYMR,2,268297649,0,0,0,-0.593,-0.078,-0.186,7.195,-1.725,-0.242,5.004,-2.492,-3.131
1764267074.4378679,$VNYMR,3,268355949,0,0,0,-0.445,0.119,-0.226,7.310,-0.390,-4.370,4.981,-1.476,-2.512
1764267074.491524,$VNYMR,1,268410378,0,0,0,-0.694,-0.128,0.050,7.640,7.143,-1.354,5.004,1.412,-1.424
1764267074.545678,$VNYMR,2,268464045,0,0,0,-0.572,-0.290,-0.021,7.018,-0.694,-1.321,5.004,0.025,-0.560
1764267074.601549,$VNYMR,3,268520484,0,0,0,-0.472,-0.204,-0.051,7.170,-1.930,-3.120,7.316,0.344,-1.209
1764267074.6590188,$VNYMR,1,268578044,0,0,0,-0.697,-0.025,0.271,8.752,3.103,-2.339,5.004,2.816,-1.442
1764267074.7138963,$VNYMR,2,268631666,0,0,0,-0.473,-0.352,0.233,6.201,2.314,-4.965,5.004,0.511,-3.876
1764267074.7692056,$VNYMR,3,268689086,0,0,0,-0.392,-0.292,0.169,4.560,4.610,-7.630,5.431,0.755,-3.615
1764267074.8237922,$VNYMR,1,268742523,0,0,0,-0.710,0.198,0.432,11.497,8.160,-3.275,5.004,-2.710,-3.818
1764267074.8769994,$VNYMR,2,268796297,0,0,0,-0.400,-0.341,0.317,6.234,1.559,-6.114,-0.217,1.569,-2.575
1764267074.932241,$VNYMR,3,268852239,0,0,0,-0.290,-0.262,0.312,5.180,3.020,-9.480,-0.362,3.268,-2.344
1764267074.987509,$VNYMR,1,268905411,0,0,0,-0.595,-0.004,0.361,4.382,5.676,0.019,-1.317,0.489,-4.706
1764267075.0414703,$VNYMR,2,268959951,0,0,0,-0.351,-0.495,0.122,2.243,5.696,5.729,-0.864,3.049,-3.625
1764267075.0979218,$VNYMR,3,269017018,0,0,0,-0.254,-0.428,0.089,3.390,7.400,9.820,-1.674,2.090,-3.083
1764267075.15159,$VNYMR,1,269070402,0,0,0,-0.315,-0.135,0.222,-3.837,10.011,2.680,-3.424,-3.626,-1.117
1764267075.2051415,$VNYMR,2,269124061,0,0,0,-0.206,-0.502,-0.201,0.298,7.490,9.279,-4.633,-0.686,-1.118
1764267075.2624695,$VNYMR,3,269180158,0,0,0,-0.122,-0.462,-0.191,0.900,5.460,6.690,-4.831,0.564,-1.026
1764267075.3171563,$VNYMR,1,269234985,0,0,0,-0.203,-0.147,-0.085,-5.761,10.009,7.469,-1.049,-2.530,-1.162
1764267075.3710752,$VNYMR,2,269289658,0,0,0,-0.147,-0.301,-0.448,-0.110,2.177,10.512,-4.044,-0.910,-1.058
1764267075.4277744,$VNYMR,3,269346144,0,0,0,-0.041,-0.299,-0.415,-0.350,-0.570,9.530,-2.565,0.134,-1.249
1764267075.481866,$VNYMR,1,269400264,0,0,0,-0.223,-0.068,-0.264,-4.114,5.402,6.751,-2.178,-1.285,-0.294
1764267075.535883,$VNYMR,2,269454376,0,0,0,-0.123,-0.191,-0.441,-0.240,1.187,10.801,-0.688,0.505,-0.409
1764267075.5932548,$VNYMR,3,269510939,0,0,0,-0.004,-0.138,-0.466,-0.340,1.680,10.190,-0.298,0.557,-0.127
1764267075.6470716,$VNYMR,1,269565764,0,0,0,-0.182,-0.049,-0.242,-4.108,5.606,7.868,0.385,1.090,-0.567
1764267075.7015517,$VNYMR,2,269619537,0,0,0,-0.073,-0.251,-0.422,0.234,-0.036,10.867,0.872,0.453,0.050
1764267075.7568786,$VNYMR,3,269676580,0,0,0,0.055,-0.170,-0.442,0.000,-0.330,9.990,0.122,0.346,-0.003
1764267075.8126128,$VNYMR,1,269730208,0,0,0,-0.159,-0.045,-0.231,-3.709,4.491,8.435,-0.354,0.583,-0.045
1764267075.8660188,$VNYMR,2,269785031,0,0,0,-0.052,-0.238,-0.423,0.036,-1.463,9.331,-0.563,0.052,0.089
1764267075.9225078,$VNYMR,3,269841115,0,0,0,0.087,-0.172,-0.450,0.090,-1.730,8.330,-0.701,0.265,-0.025
1764267075.9763148,$VNYMR,1,269895306,0,0,0,-0.120,0.029,-0.226,-2.669,5.699,10.039,-0.787,0.553,-0.360
1764267076.03055,$VNYMR,2,269949438,0,0,0,-0.040,-0.215,-0.420,-0.180,-1.656,9.471,-0.161,0.052,0.018
1764267076.0867224,$VNYMR,3,270005571,0,0,0,0.102,-0.125,-0.471,-0.210,-1.520,8.550,0.368,0.278,-0.022
1764267076.1411803,$VNYMR,1,270059200,0,0,0,-0.185,-0.033,-0.299,-10.691,6.573,5.791,-4.154,-0.273,0.321
1764267076.1966057,$VNYMR,2,270113687,0,0,0,-0.039,-0.205,-0.434,-0.139,-1.566,9.943,-0.183,-0.087,-0.020
1764267076.2531142,$VNYMR,3,270171916,0,0,0,0.099,-0.122,-0.460,-0.200,-1.600,9.280,-0.082,-0.050,-0.022
1764267076.3082316,$VNYMR,1,270226061,0,0,0,-0.219,0.131,-0.395,-5.386,-1.463,8.995,-2.031,0.030,-0.361
1764267076.361681,$VNYMR,2,270280731,0,0,0,-0.038,-0.194,-0.442,-0.046,-1.960,9.946,-0.163,0.010,0.036
1764267076.4188914,$VNYMR,3,270337401,0,0,0,0.095,-0.110,-0.464,-0.240,-2.090,9.570,-0.140,-0.036,0.032
1764267076.4734926,$VNYMR,1,270391415,0,0,0,-0.374,0.259,-0.482,-1.257,-2.244,10.669,-2.060,-2.673,-0.009
1764267076.5271277,$VNYMR,2,270446002,0,0,0,-0.041,-0.179,-0.427,-0.156,-2.020,10.041,-0.086,-0.007,0.026
1764267076.584659,$VNYMR,3,270502094,0,0,0,0.099,-0.114,-0.467,-0.240,-2.110,9.460,-0.046,0.005,0.013
1764267076.6379182,$VNYMR,1,270557170,0,0,0,-0.421,0.343,-0.482,3.105,-3.952,6.662,-1.514,-0.730,0.742
1764267076.692599,$VNYMR,2,270610375,0,0,0,-0.006,-0.180,-0.428,-0.162,-1.969,10.055,-0.044,0.015,0.009
1764267076.7481534,$VNYMR,3,270667664,0,0,0,0.095,-0.096,-0.456,-0.140,-1.850,9.400,-0.099,0.021,0.025
1764267076.807891,$VNYMR,1,270726048,0,0,0,-0.423,0.230,-0.453,-0.173,-2.649,9.415,1.192,0.317,-0.770
1764267076.8619637,$VNYMR,2,270780388,0,0,0,-0.007,-0.174,-0.437,-0.381,-2.138,10.019,-0.009,0.033,0.025
1764267076.919125,$VNYMR,3,270837917,0,0,0,0.099,-0.092,-0.476,-0.350,-2.180,9.180,0.015,0.048,0.017
1764267076.9727204,$VNYMR,1,270891641,0,0,0,-0.473,0.296,-0.451,1.390,-4.429,8.336,-0.915,-0.171,-0.119
1764267077.0269136,$VNYMR,2,270945380,0,0,0,-0.001,-0.172,-0.436,0.150,-2.243,9.817,-0.064,-0.008,0.001
1764267077.0840576,$VNYMR,3,271001968,0,0,0,0.110,-0.092,-0.460,-0.290,-1.960,9.320,-0.081,0.001,-0.001
1764267077.1383326,$VNYMR,1,271056569,0,0,0,-0.463,0.255,-0.452,1.411,-3.819,9.692,-0.209,0.081,-0.389
1764267077.1921952,$VNYMR,2,271111100,0,0,0,-0.032,-0.177,-0.433,-0.425,-2.231,9.975,0.116,0.031,0.004
1764267077.2492082,$VNYMR,3,271167265,0,0,0,0.110,-0.087,-0.464,-0.360,-2.290,9.450,0.107,0.014,-0.003
1764267077.3032196,$VNYMR,1,271221713,0,0,0,-0.540,0.193,-0.467,2.155,-2.976,7.195,1.795,-0.760,0.659
1764267077.357766,$VNYMR,2,271275682,0,0,0,-0.034,-0.179,-0.432,0.112,-2.216,10.149,-0.091,0.015,0.004
1764267077.414598,$VNYMR,3,271332814,0,0,0,0.106,-0.092,-0.460,-0.490,-2.110,10.430,-0.265,-0.061,-0.040
1764267077.4685476,$VNYMR,1,271387115,0,0,0,-0.369,0.246,-0.481,-1.239,-2.686,9.425,-2.982,3.027,-0.091
1764267077.5228736,$VNYMR,2,271441654,0,0,0,-0.036,-0.171,-0.436,-0.163,-2.168,9.663,0.132,0.116,-0.016
1764267077.5787003,$VNYMR,3,271497886,0,0,0,0.095,-0.081,-0.460,-0.310,-2.320,9.230,0.073,0.064,0.024
1764267077.6331925,$VNYMR,1,271551574,0,0,0,-0.343,0.256,-0.460,-1.793,-2.952,10.150,0.639,0.216,-0.521
1764267077.6870596,$VNYMR,2,271605685,0,0,0,-0.036,-0.173,-0.434,-0.349,-2.037,10.099,0.063,0.073,-0.039
1764267077.744232,$VNYMR,3,271662956,0,0,0,0.106,-0.087,-0.464,-0.420,-2.560,9.610,0.096,0.016,-0.004
1764267077.7986944,$VNYMR,1,271716711,0,0,0,-0.434,0.151,-0.483,0.175,-2.344,10.012,4.097,-0.408,0.493
1764267077.852754,$VNYMR,2,271771371,0,0,0,-0.028,-0.175,-0.429,-0.569,-2.217,10.219,-0.060,0.077,0.018
1764267077.9087076,$VNYMR,3,271827801,0,0,0,0.099,-0.092,-0.468,-0.640,-2.330,9.640,0.027,0.052,0.013
1764267077.963281,$VNYMR,1,271881172,0,0,0,-0.441,0.170,-0.482,0.548,-1.955,8.763,-1.077,0.340,-0.021
1764267078.0170105,$VNYMR,2,271935771,0,0,0,-0.032,-0.177,-0.430,-0.398,-2.280,10.616,-0.048,0.055,0.021
1764267078.0733988,$VNYMR,3,271992229,0,0,0,0.102,-0.096,-0.464,-0.530,-1.610,9.630,0.046,-0.005,-0.001
1764267078.1274521,$VNYMR,1,272045868,0,0,0,-0.407,0.241,-0.450,1.490,-2.736,8.786,-0.347,0.185,0.392
1764267078.1812036,$VNYMR,2,272100043,0,0,0,-0.032,-0.186,-0.437,-0.489,-1.933,9.874,0.147,-0.007,-0.007
1764267078.2371106,$VNYMR,3,272156245,0,0,0,0.106,-0.107,-0.464,-0.520,-2.130,9.390,0.037,-0.017,-0.002
1764267078.2910502,$VNYMR,1,272209590,0,0,0,-0.374,0.172,-0.470,-0.147,-1.955,9.366,1.651,0.090,0.168
1764267078.3463204,$VNYMR,2,272263532,0,0,0,-0.026,-0.223,-0.434,-0.395,-1.842,9.977,0.007,-0.027,0.002
1764267078.4025352,$VNYMR,3,272321367,0,0,0,0.106,-0.110,-0.472,-0.420,-2.150,9.580,0.094,0.000,-0.022
1764267078.456402,$VNYMR,1,272374999,0,0,0,-0.388,0.170,-0.477,-0.619,-1.604,9.629,-0.023,0.720,-0.251
1764267078.510535,$VNYMR,2,272428872,0,0,0,-0.030,-0.180,-0.421,-0.568,-1.795,10.070,-0.155,-0.009,-0.021
1764267078.5674691,$VNYMR,3,272485679,0,0,0,0.110,-0.107,-0.460,-0.490,-1.840,9.520,-0.137,-0.016,-0.003
1764267078.6216688,$VNYMR,1,272539957,0,0,0,-0.368,0.179,-0.464,-0.419,-2.435,9.641,-0.039,-0.105,-0.284
1764267078.6758022,$VNYMR,2,272594165,0,0,0,-0.028,-0.172,-0.433,-0.389,-2.093,9.751,-0.120,-0.000,-0.012
1764267078.7329018,$VNYMR,3,272650827,0,0,0,0.112,-0.092,-0.476,-0.430,-2.100,9.810,-0.142,-0.008,0.028
1764267078.7875714,$VNYMR,1,272705409,0,0,0,-0.385,0.220,-0.475,-0.464,-2.956,9.947,-0.080,-0.188,-0.084
1764267078.84201,$VNYMR,2,272760011,0,0,0,-0.036,-0.175,-0.433,-0.427,-2.137,9.499,0.052,-0.023,-0.004
1764267078.8980265,$VNYMR,3,272817559,0,0,0,0.110,-0.092,-0.456,-0.690,-2.480,9.030,-0.016,0.020,0.002
1764267078.9572465,$VNYMR,1,272875049,0,0,0,-0.380,0.219,-0.451,-0.229,-2.761,9.589,-0.545,0.150,0.086
1764267079.012463,$VNYMR,2,272929708,0,0,0,-0.030,-0.177,-0.432,-0.494,-2.209,9.949,-0.012,-0.034,-0.007
1764267079.0686743,$VNYMR,3,272987490,0,0,0,0.110,-0.096,-0.456,-0.480,-2.370,9.320,-0.043,-0.009,0.015
1764267079.1070168,$VNYMR,1,273026473,0,0,0,0.000,0.005,0.039,-0.156,-3.217,9.474,-1.069,0.151,-0.015
1764267079.16186,$VNYMR,2,273079607,0,0,0,-0.373,0.075,-0.594,-0.386,-2.199,9.907,-0.057,-0.041,0.014
1764267079.2194629,$VNYMR,3,273137459,0,0,0,0.110,-0.085,-0.480,-0.360,-2.690,9.390,-0.025,-0.015,-0.009
1764267079.2582393,$VNYMR,1,273177263,0,0,0,0.000,0.005,0.039,-0.438,-3.545,10.737,0.192,-0.117,-0.070
1764267079.313494,$VNYMR,2,273230707,0,0,0,-0.411,0.038,-0.596,-0.514,-2.321,10.034,-0.011,-0.012,0.025
1764267079.3702009,$VNYMR,3,273288887,0,0,0,0.110,-0.087,-0.464,-0.590,-2.910,9.420,-0.022,0.009,0.022
1764267079.408745,$VNYMR,1,273328552,0,0,0,0.000,0.005,0.039,-1.753,-1.778,9.899,0.108,0.474,-0.052
1764267079.4623985,$VNYMR,2,273381229,0,0,0,-0.374,0.050,-0.589,-0.449,-2.398,9.973,0.333,0.018,-0.088
1764267079.5191853,$VNYMR,3,273437398,0,0,0,0.102,-0.085,-0.468,-0.450,-2.350,9.480,0.351,0.077,-0.059
1764267079.5580554,$VNYMR,1,273476979,0,0,0,0.000,0.005,0.039,2.388,0.596,0.886,0.290,0.442,-0.090
1764267079.613171,$VNYMR,2,273530540,0,0,0,-0.360,0.043,-0.596,-1.215,-2.221,10.752,-0.447,0.280,0.156
1764267079.6701202,$VNYMR,3,273588298,0,0,0,0.110,-0.102,-0.456,-0.940,-2.300,10.750,0.232,-0.164,-0.007
1764267079.708212,$VNYMR,1,273627919,0,0,0,0.000,0.005,0.039,-0.479,-1.378,10.653,0.023,-0.020,0.036
1764267079.764378,$VNYMR,2,273681594,0,0,0,-0.364,0.030,-0.583,-0.272,-1.740,13.193,0.097,-0.146,-0.101
1764267079.8215284,$VNYMR,3,273739565,0,0,0,0.117,-0.102,-0.460,-0.590,-1.730,13.470,1.440,-0.412,-0.276
1764267079.8613768,$VNYMR,1,273779313,0,0,0,0.000,0.005,0.039,0.055,-1.171,8.307,1.808,-0.198,-0.297
1764267079.9151998,$VNYMR,2,273833907,0,0,0,-0.373,0.019,-0.429,-0.410,0.779,7.550,0.769,-0.302,-0.632
1764267079.9709616,$VNYMR,3,273890241,0,0,0,0.099,-0.213,-0.436,-0.560,3.540,7.200,0.152,0.219,-0.132
1764267080.0116053,$VNYMR,1,273929063,0,0,0,0.000,0.005,0.039,-0.569,0.987,10.319,0.669,-0.395,-0.128
1764267080.0644615,$VNYMR,2,273984027,0,0,0,-0.354,0.006,-0.449,0.596,1.336,11.160,0.636,-0.323,-0.111
1764267080.1201892,$VNYMR,3,274039834,0,0,0,0.092,-0.239,-0.420,0.360,0.220,11.670,1.973,-0.758,-0.232
1764267080.1591165,$VNYMR,1,274078029,0,0,0,0.000,0.005,0.039,0.494,5.294,11.075,1.928,-0.585,1.107
1764267080.2135909,$VNYMR,2,274131609,0,0,0,-0.421,-0.429,-0.571,1.038,4.549,12.894,2.058,-0.955,1.160
1764267080.2703245,$VNYMR,3,274188633,0,0,0,0.029,-0.331,-0.364,0.510,3.750,13.870,0.662,-2.006,1.226
1764267080.3096206,$VNYMR,1,274228121,0,0,0,0.000,0.005,0.039,2.883,4.445,9.121,0.759,-1.420,1.402
1764267080.3635445,$VNYMR,2,274282062,0,0,0,-0.570,-0.449,-0.540,3.341,3.534,8.125,0.619,-1.465,1.249
1764267080.4195795,$VNYMR,3,274338650,0,0,0,-0.121,-0.389,-0.287,3.290,3.190,7.280,0.223,-1.333,1.064
1764267080.4593656,$VNYMR,1,274377314,0,0,0,0.000,0.005,0.039,4.807,5.438,7.898,2.453,-0.772,1.145
1764267080.5128758,$VNYMR,2,274431849,0,0,0,-0.980,-0.430,-0.283,4.350,6.571,7.484,0.997,-1.210,1.286
1764267080.5692103,$VNYMR,3,274487919,0,0,0,-0.246,-0.390,-0.205,4.420,8.130,6.710,-1.414,-1.470,1.984
1764267080.6075482,$VNYMR,1,274526978,0,0,0,0.000,0.005,0.039,5.246,4.263,6.050,-1.890,-1.648,1.672
1764267080.6621938,$VNYMR,2,274580208,0,0,0,-1.141,0.003,-0.262,5.824,3.913,6.391,-3.124,-2.058,2.323
1764267080.7185438,$VNYMR,3,274637442,0,0,0,-0.382,-0.280,-0.198,5.450,4.090,5.440,-4.336,-2.241,2.640
1764267080.758283,$VNYMR,1,274676307,0,0,0,0.000,0.005,0.039,5.843,-3.398,2.084,-4.655,-3.611,2.195
1764267080.8122444,$VNYMR,2,274730968,0,0,0,-0.945,0.346,0.005,5.471,-3.349,-0.293,-4.865,-4.006,2.168
1764267080.868998,$VNYMR,3,274787279,0,0,0,-0.517,0.006,-0.099,4.160,-3.360,-2.600,-4.794,-3.754,2.063
1764267080.908178,$VNYMR,1,274826790,0,0,0,0.000,0.005,0.039,6.482,-5.461,-2.180,-4.599,-2.926,1.451
1764267080.9625375,$VNYMR,2,274880635,0,0,0,-1.178,0.010,0.255,3.307,-6.653,-4.429,-2.938,-3.312,-0.048
1764267081.018782,$VNYMR,3,274937558,0,0,0,-0.469,0.111,0.171,1.820,-8.140,-4.270,-1.178,-4.224,-1.370
1764267081.0635438,$VNYMR,1,274981338,0,0,0,0.000,0.005,0.039,1.781,-5.588,-9.983,2.068,-2.967,-1.856
1764267081.117359,$VNYMR,2,275036007,0,0,0,-1.003,0.001,0.393,-2.082,-10.704,-11.989,5.004,-3.334,-3.195
1764267081.1738052,$VNYMR,3,275092384,0,0,0,-0.291,0.025,0.375,-3.120,-12.100,-14.440,4.962,-3.217,-3.379
1764267081.2134597,$VNYMR,1,275131552,0,0,0,0.000,0.005,0.039,-2.640,-14.009,-10.115,5.004,-1.304,-4.816
1764267081.2670233,$VNYMR,2,275185960,0,0,0,-1.045,0.154,0.300,-3.451,-13.990,-11.246,5.004,-1.130,-5.004
1764267081.3236492,$VNYMR,3,275241999,0,0,0,-0.184,0.199,0.386,-6.330,-13.760,-14.090,6.117,-0.889,-6.883
1764267081.3628013,$VNYMR,1,275281436,0,0,0,0.000,0.005,0.039,3.518,-10.767,-1.480,4.292,1.007,-5.004
1764267081.4164593,$VNYMR,2,275335296,0,0,0,-1.195,0.000,0.150,2.600,-8.959,-0.374,4.567,0.568,-5.004
1764267081.4733517,$VNYMR,3,275391551,0,0,0,-0.403,0.174,0.236,-1.620,-12.130,-0.810,6.105,-0.020,-8.005
1764267081.5124633,$VNYMR,1,275431095,0,0,0,0.000,0.005,0.039,4.184,-0.337,-1.924,2.852,-3.582,-5.004
1764267081.5673573,$VNYMR,2,275485469,0,0,0,-0.999,0.011,0.337,-0.330,1.705,-2.707,1.287,-3.372,-5.004
1764267081.6218884,$VNYMR,3,275542399,0,0,0,-0.351,-0.149,0.316,-2.890,2.710,-4.320,1.359,-2.565,-5.429
1764267081.6614838,$VNYMR,1,275579095,0,0,0,0.000,0.005,0.039,-2.180,5.008,0.885,-0.230,-3.551,-2.476
1764267081.7153828,$VNYMR,2,275633999,0,0,0,-0.374,0.026,0.390,-6.217,5.067,0.737,-1.635,-4.491,-2.120
1764267081.7710965,$VNYMR,3,275690409,0,0,0,-0.007,-0.272,0.404,-8.820,6.230,0.830,-1.906,-4.670,-2.467
1764267081.8115423,$VNYMR,1,275729436,0,0,0,0.000,0.005,0.039,-8.718,5.034,4.682,-2.334,-3.289,-0.772
1764267081.8652387,$VNYMR,2,275784029,0,0,0,0.152,-0.578,0.077,-7.171,13.335,6.219,-5.004,-3.412,-0.322
1764267081.9230804,$VNYMR,3,275840499,0,0,0,0.308,-0.351,0.230,-9.580,14.720,7.770,-2.965,-3.057,-0.914
1764267081.963272,$VNYMR,1,275880875,0,0,0,0.000,0.005,0.039,-6.673,8.814,13.027,-4.329,-5.004,1.178
1764267082.0183575,$VNYMR,2,275935770,0,0,0,0.056,0.007,-0.438,-5.546,8.708,14.384,-5.004,-5.004,1.188
1764267082.0755422,$VNYMR,3,275993371,0,0,0,0.309,-0.365,-0.216,-5.880,10.860,12.500,-7.534,-5.901,1.168
1764267082.1154358,$VNYMR,1,276034069,0,0,0,0.000,0.005,0.039,1.402,-1.188,19.600,-5.004,-4.641,-1.352
1764267082.1708028,$VNYMR,2,276088710,0,0,0,-0.968,0.010,-0.435,1.960,-0.873,19.446,-5.004,-5.004,-1.779
1764267082.227074,$VNYMR,3,276145836,0,0,0,-0.225,0.191,-0.384,-2.800,3.000,21.060,-7.048,-7.661,-1.820
1764267082.2657049,$VNYMR,1,276184982,0,0,0,0.000,0.005,0.039,7.156,-7.732,1.839,-2.542,-4.880,-2.222
1764267082.3197892,$VNYMR,2,276238180,0,0,0,-0.905,0.150,0.037,9.088,-5.499,-1.965,-1.392,-4.075,-1.341
1764267082.3769698,$VNYMR,3,276295035,0,0,0,-0.477,0.254,0.022,6.110,-5.610,-4.400,-0.351,-3.090,-1.640
1764267082.4165134,$VNYMR,1,276334761,0,0,0,0.000,0.005,0.039,7.857,-2.105,-3.196,3.307,-3.378,-5.004
1764267082.4699645,$VNYMR,2,276389019,0,0,0,-0.917,0.225,0.042,6.666,0.779,-6.431,4.549,-1.723,-2.854
1764267082.5265396,$VNYMR,3,276445619,0,0,0,-0.487,-0.012,0.190,4.710,3.830,-8.310,4.646,-0.884,-1.311
1764267082.565534,$VNYMR,1,276484333,0,0,0,0.000,0.005,0.039,4.308,-4.592,-5.231,5.004,-1.514,-2.703
1764267082.6198905,$VNYMR,2,276538024,0,0,0,-1.197,0.245,0.013,5.097,-7.127,-6.328,5.004,-1.511,-2.955
1764267082.6774573,$VNYMR,3,276594998,0,0,0,-0.425,-0.018,0.268,4.490,-8.660,-9.100,6.128,-0.994,-3.302
1764267082.7172642,$VNYMR,1,276635213,0,0,0,0.000,0.005,0.039,5.672,-8.815,-4.100,5.004,-0.462,-2.817
1764267082.771543,$VNYMR,2,276689768,0,0,0,-1.160,0.002,0.226,6.200,-11.669,-4.362,4.925,-0.283,-1.901
1764267082.828541,$VNYMR,3,276746542,0,0,0,-0.410,0.092,0.281,4.940,-12.320,-4.960,5.570,0.109,-2.729
1764267082.867808,$VNYMR,1,276786328,0,0,0,0.000,0.005,0.039,5.141,-12.375,-4.077,3.735,0.810,-1.894
1764267082.921931,$VNYMR,2,276840259,0,0,0,-1.187,0.039,0.151,7.526,-10.584,-3.095,3.676,0.005,-2.855
1764267082.978204,$VNYMR,3,276896955,0,0,0,-0.464,0.126,0.198,7.820,-10.780,-6.120,4.703,0.877,-3.538
1764267083.0168102,$VNYMR,1,276935995,0,0,0,0.000,0.005,0.039,8.030,-6.221,0.763,4.941,0.178,-4.368
1764267083.0707874,$VNYMR,2,276989265,0,0,0,-0.917,0.150,0.001,7.306,-4.064,-0.154,3.295,-0.517,-4.456
1764267083.1289537,$VNYMR,3,277046456,0,0,0,-0.486,-0.049,0.152,6.390,-3.040,-3.190,2.556,-0.112,-4.440
1764267083.171735,$VNYMR,1,277091438,0,0,0,0.000,0.005,0.039,7.656,1.169,2.947,3.038,0.222,-4.078
1764267083.2268767,$VNYMR,2,277145173,0,0,0,-1.080,0.006,0.189,5.645,2.498,4.631,1.680,-0.818,-3.754
1764267083.2832205,$VNYMR,3,277202300,0,0,0,-0.361,-0.281,0.219,3.630,2.600,6.100,1.369,-1.973,-3.920
1764267083.322488,$VNYMR,1,277240957,0,0,0,0.000,0.005,0.039,1.859,6.675,2.389,0.892,-2.054,-2.534
1764267083.37679,$VNYMR,2,277295005,0,0,0,-0.593,-0.435,0.299,-0.147,7.514,3.084,0.212,-2.890,-1.943
1764267083.434029,$VNYMR,3,277352478,0,0,0,-0.104,-0.373,0.322,-1.750,8.720,4.040,-0.220,-3.450,-1.692
1764267083.4736516,$VNYMR,1,277392764,0,0,0,0.000,0.005,0.039,-5.779,9.915,4.161,-0.828,-4.132,-1.332
1764267083.5281882,$VNYMR,2,277446171,0,0,0,0.019,-0.449,0.265,-8.085,11.079,3.964,-1.276,-4.350,-0.702
1764267083.5857937,$VNYMR,3,277503265,0,0,0,0.186,-0.392,0.251,-8.740,11.150,3.780,-1.044,-4.373,-0.678
1764267083.623988,$VNYMR,1,277543573,0,0,0,0.000,0.005,0.039,-6.965,11.560,4.940,-3.532,-4.530,0.334
1764267083.6783385,$VNYMR,2,277596480,0,0,0,0.118,-0.551,-0.067,-5.623,11.464,5.601,-2.813,-3.750,0.185
1764267083.7356026,$VNYMR,3,277653412,0,0,0,0.257,-0.476,-0.030,-5.570,13.200,4.310,-4.732,-3.337,0.528
1764267083.77513,$VNYMR,1,277693375,0,0,0,0.000,0.005,0.039,-5.466,9.720,11.755,-3.444,-3.306,0.943
1764267083.8287196,$VNYMR,2,277747650,0,0,0,-0.353,-0.402,-0.449,-4.440,14.913,12.547,-5.004,-3.806,2.142
1764267083.885217,$VNYMR,3,277803739,0,0,0,0.117,-0.344,-0.357,-4.980,17.960,11.990,-5.231,-4.168,2.923
1764267083.9240453,$VNYMR,1,277842993,0,0,0,0.000,0.005,0.039,2.112,4.410,13.402,-5.004,-5.004,4.026
1764267083.9785395,$VNYMR,2,277896458,0,0,0,-1.044,0.000,-0.439,2.700,-0.756,10.927,-4.956,-4.477,3.554
1764267084.0351949,$VNYMR,3,277953555,0,0,0,-0.287,0.112,-0.372,0.190,-1.400,10.270,-4.533,-4.553,3.278
1764267084.0753841,$VNYMR,1,277992967,0,0,0,0.000,0.005,0.039,2.661,-8.448,1.947,-1.294,-4.979,1.266
1764267084.1295524,$VNYMR,2,278048022,0,0,0,-1.155,0.230,-0.281,3.777,-6.832,1.500,2.594,-3.284,-1.726
1764267084.1867673,$VNYMR,3,278105415,0,0,0,-0.401,0.314,-0.132,2.820,-4.520,0.710,3.117,-2.463,-1.870
1764267084.2261388,$VNYMR,1,278144861,0,0,0,0.000,0.005,0.039,2.082,-7.174,2.760,1.469,-2.332,1.742
1764267084.2816393,$VNYMR,2,278199152,0,0,0,-1.169,0.196,-0.145,0.533,-10.943,2.250,1.796,-3.009,1.263
1764267084.3384545,$VNYMR,3,278256756,0,0,0,-0.433,0.274,-0.061,0.170,-14.030,1.320,3.443,-2.926,0.117
1764267084.3776064,$VNYMR,1,278296215,0,0,0,0.000,0.005,0.039,0.912,-8.515,2.895,2.055,-2.026,0.212
1764267084.4322994,$VNYMR,2,278350063,0,0,0,-1.176,0.188,0.016,0.757,-8.264,3.141,1.789,-2.698,0.595
1764267084.4885516,$VNYMR,3,278407352,0,0,0,-0.432,0.282,-0.013,-0.240,-8.140,2.470,1.193,-2.865,0.814
1764267084.5285306,$VNYMR,1,278446298,0,0,0,0.000,0.005,0.039,-0.182,-11.140,1.994,1.691,-2.702,0.566
1764267084.5821168,$VNYMR,2,278501034,0,0,0,-1.197,0.000,0.038,-0.354,-11.709,2.337,1.663,-2.839,0.387
1764267084.638565,$VNYMR,3,278557145,0,0,0,-0.387,0.319,0.091,-1.480,-12.100,2.110,1.980,-2.988,0.082
1764267084.6794593,$VNYMR,1,278596379,0,0,0,0.000,0.005,0.039,-1.008,-13.461,-0.475,2.786,-2.002,0.635
1764267084.7320967,$VNYMR,2,278651905,0,0,0,-1.099,0.005,0.002,0.284,-18.648,-0.913,5.004,-1.998,-1.157
1764267084.7895997,$VNYMR,3,278707941,0,0,0,-0.333,0.374,0.071,0.740,-22.830,-3.790,5.952,-0.998,-2.470
1764267084.8295581,$VNYMR,1,278747343,0,0,0,0.000,0.005,0.039,4.630,-9.801,4.562,2.952,-0.566,-2.907
1764267084.883348,$VNYMR,2,278802047,0,0,0,-0.909,0.002,-0.150,6.034,-9.534,4.903,3.185,-0.625,-3.508
1764267084.9395018,$VNYMR,3,278858853,0,0,0,-0.468,0.231,-0.089,4.840,-8.590,4.250,1.719,-0.593,-3.284
1764267084.9778244,$VNYMR,1,278897324,0,0,0,0.000,0.005,0.039,7.154,-4.980,4.787,3.201,-0.903,-4.723
1764267085.0324533,$VNYMR,2,278950472,0,0,0,-0.906,0.057,0.011,6.375,-2.859,3.065,2.391,-1.649,-4.609
1764267085.089203,$VNYMR,3,279007452,0,0,0,-0.505,-0.090,-0.027,5.100,-3.950,0.770,2.881,-1.533,-5.231
1764267085.128535,$VNYMR,1,279046931,0,0,0,0.000,0.005,0.039,6.779,3.453,2.356,2.216,-1.056,-4.195
1764267085.182453,$VNYMR,2,279101006,0,0,0,-0.989,-0.553,0.020,4.164,3.348,1.357,1.986,-1.272,-3.886
1764267085.239118,$VNYMR,3,279157689,0,0,0,-0.307,-0.396,0.120,2.350,2.180,1.050,1.583,-1.571,-4.203
1764267085.2839618,$VNYMR,1,279202335,0,0,0,0.000,0.005,0.039,-0.327,5.981,0.183,1.181,-1.620,-3.921
1764267085.3379018,$VNYMR,2,279256450,0,0,0,-0.441,-0.594,0.187,-2.453,6.930,1.216,0.076,-1.840,-3.131
1764267085.394645,$VNYMR,3,279313061,0,0,0,0.016,-0.454,0.222,-3.530,7.160,1.770,-0.303,-2.070,-2.979
1764267085.4338818,$VNYMR,1,279352413,0,0,0,0.000,0.005,0.039,-5.514,7.424,4.378,-2.073,-2.989,-1.891
1764267085.4864988,$VNYMR,2,279406504,0,0,0,0.010,-0.592,0.009,-8.574,6.568,4.447,-1.833,-3.925,-1.376
1764267085.5451314,$VNYMR,3,279462247,0,0,0,0.243,-0.440,0.102,-9.110,5.320,4.290,-2.223,-3.862,-1.679
1764267085.5844471,$VNYMR,1,279502906,0,0,0,0.000,0.005,0.039,-5.776,5.605,10.941,-2.538,-3.956,-0.827
1764267085.638565,$VNYMR,2,279556924,0,0,0,0.001,-0.406,-0.575,-7.810,5.342,13.402,-4.970,-4.599,-0.048
1764267085.6965368,$VNYMR,3,279613533,0,0,0,0.315,-0.370,-0.210,-5.820,3.690,12.820,-5.998,-4.409,-0.302
1764267085.7357068,$VNYMR,1,279654283,0,0,0,0.000,0.005,0.039,-0.899,-1.414,16.381,-5.004,-4.660,-0.184
1764267085.7903073,$VNYMR,2,279708424,0,0,0,-0.521,0.002,-0.597,-0.335,-3.232,15.199,-5.004,-4.833,-0.678
1764267085.8475714,$VNYMR,3,279765360,0,0,0,0.025,0.034,-0.481,0.600,-2.860,14.230,-8.091,-4.722,-0.995
1764267085.8884826,$VNYMR,1,279806015,0,0,0,0.000,0.005,0.039,5.777,-12.394,3.568,-5.004,-5.004,-2.198
1764267085.9433339,$VNYMR,2,279860982,0,0,0,-1.116,0.047,0.057,1.589,-12.004,-4.262,-5.004,-4.378,-3.722
1764267086.0011795,$VNYMR,3,279919043,0,0,0,-0.305,0.402,-0.058,-3.150,-11.990,-3.020,0.133,-5.018,-5.991
1764267086.041072,$VNYMR,1,279959457,0,0,0,0.000,0.005,0.039,4.309,-6.267,-5.976,-1.576,-2.967,-3.173
1764267086.096708,$VNYMR,2,280014353,0,0,0,-1.184,0.338,0.156,1.735,-6.434,-4.862,-0.400,-1.566,-5.004
1764267086.1534324,$VNYMR,3,280071933,0,0,0,-0.447,0.145,0.217,-0.260,-4.270,-3.790,1.394,-1.677,-6.542
1764267086.1943204,$VNYMR,1,280112242,0,0,0,0.000,0.005,0.039,2.179,1.225,-8.435,0.847,-3.462,-5.004
1764267086.2475727,$VNYMR,2,280167011,0,0,0,-0.898,0.059,0.376,-3.549,2.715,-11.127,1.552,-2.838,-5.004
1764267086.3051233,$VNYMR,3,280222547,0,0,0,-0.299,-0.207,0.349,-7.060,7.060,-15.140,2.434,-1.358,-6.870
1764267086.344531,$VNYMR,1,280262896,0,0,0,0.000,0.005,0.039,-1.737,-4.985,-9.484,2.289,-0.642,-5.004
1764267086.398975,$VNYMR,2,280317014,0,0,0,-0.373,0.094,0.463,-5.114,-3.351,-12.380,2.327,-0.537,-5.004
1764267086.4551995,$VNYMR,3,280373986,0,0,0,0.049,-0.219,0.441,-7.980,-1.690,-15.320,2.313,0.740,-6.940
1764267086.495542,$VNYMR,1,280412940,0,0,0,0.000,0.005,0.039,-1.628,-7.615,-9.628,2.307,1.814,-5.004
1764267086.549451,$VNYMR,2,280468029,0,0,0,-0.502,0.021,0.469,-0.335,-5.688,-10.736,1.556,3.397,-5.004
1764267086.6062562,$VNYMR,3,280524658,0,0,0,0.085,0.031,0.477,-3.230,-6.670,-11.870,0.695,4.623,-5.465
1764267086.6455376,$VNYMR,1,280564030,0,0,0,0.000,0.005,0.039,7.768,-4.212,-5.355,1.078,1.769,-5.004
1764267086.6991227,$VNYMR,2,280618023,0,0,0,-1.045,0.152,0.375,8.305,-1.706,-5.276,-0.275,1.853,-5.004
1764267086.7561188,$VNYMR,3,280674552,0,0,0,-0.242,0.012,0.430,5.560,-2.880,-4.860,1.316,2.710,-7.021
1764267086.7942722,$VNYMR,1,280713871,0,0,0,0.000,0.005,0.039,8.024,4.460,-1.566,-0.470,0.857,-3.779
1764267086.8486226,$VNYMR,2,280767588,0,0,0,-1.000,0.016,0.301,4.145,4.554,-2.925,1.171,1.260,-4.706
1764267086.9054914,$VNYMR,3,280823889,0,0,0,-0.285,-0.185,0.375,3.300,7.440,-2.960,-0.325,0.974,-4.394
1764267086.9450862,$VNYMR,1,280863192,0,0,0,0.000,0.005,0.039,2.009,6.326,-1.406,-0.330,0.879,-4.406
1764267086.998945,$VNYMR,2,280917576,0,0,0,-0.512,-0.596,0.242,-3.483,2.292,1.711,-3.332,0.580,-3.472
1764267087.0555294,$VNYMR,3,280973976,0,0,0,-0.127,-0.362,0.316,-5.150,-0.330,3.850,-3.783,-0.021,-4.332
1764267087.0956976,$VNYMR,1,281013305,0,0,0,0.000,0.005,0.039,-3.633,8.991,2.755,-3.519,-0.451,-1.147
1764267087.1490774,$VNYMR,2,281068177,0,0,0,0.029,-0.520,0.156,-6.770,10.874,1.159,-0.906,-2.247,-2.659
1764267087.2059531,$VNYMR,3,281124148,0,0,0,0.089,-0.475,0.164,-6.990,13.550,-0.450,0.182,-2.115,-2.170
1764267087.2437034,$VNYMR,1,281163728,0,0,0,0.000,0.005,0.039,-5.375,8.640,2.824,1.672,-2.618,-1.314
1764267087.2982802,$VNYMR,2,281216730,0,0,0,0.089,-0.507,0.075,-5.557,5.895,5.273,-0.585,-0.213,0.097
1764267087.3534956,$VNYMR,3,281273387,0,0,0,0.246,-0.457,0.093,-5.880,6.120,8.080,-0.849,-1.000,0.105
1764267087.3988755,$VNYMR,1,281316339,0,0,0,0.000,0.005,0.039,-5.542,7.168,4.440,0.617,-1.611,-0.668
1764267087.4525814,$VNYMR,2,281371364,0,0,0,0.006,-0.597,0.047,-4.676,8.361,4.573,0.030,-1.973,-0.000
1764267087.5103064,$VNYMR,3,281427987,0,0,0,0.282,-0.439,0.058,-6.010,8.250,5.500,-0.139,-2.509,0.235
1764267087.5495872,$VNYMR,1,281468081,0,0,0,0.000,0.005,0.039,-3.781,7.283,5.664,-1.060,-3.038,-0.110
1764267087.602638,$VNYMR,2,281522065,0,0,0,0.091,-0.596,-0.185,-6.556,7.296,7.969,-2.726,-3.693,0.066
1764267087.660206,$VNYMR,3,281578068,0,0,0,0.278,-0.432,-0.078,-7.290,9.480,7.860,-4.557,-4.177,0.112
1764267087.6990979,$VNYMR,1,281618067,0,0,0,0.000,0.005,0.039,-1.255,4.434,12.928,-4.837,-4.675,0.928
1764267087.7526672,$VNYMR,2,281671544,0,0,0,-0.598,0.023,-0.594,-3.442,2.356,8.771,-5.004,-4.686,0.527
1764267087.8090594,$VNYMR,3,281727651,0,0,0,0.087,-0.262,-0.416,-2.020,3.810,5.450,-3.952,-3.880,0.183
1764267087.8474934,$VNYMR,1,281766804,0,0,0,0.000,0.005,0.039,2.701,-4.839,9.535,-3.166,-0.296,1.497
1764267087.9015384,$VNYMR,2,281819897,0,0,0,-0.541,0.040,-0.594,3.042,-7.185,9.233,-3.760,0.103,1.137
1764267087.958528,$VNYMR,3,281876743,0,0,0,-0.112,0.047,-0.466,3.350,-8.350,9.260,-0.415,0.035,0.555
1764267087.9970894,$VNYMR,1,281916299,0,0,0,0.000,0.005,0.039,3.184,-6.861,10.348,-1.750,-0.342,0.381
1764267088.0510542,$VNYMR,2,281969527,0,0,0,-0.560,0.152,-0.438,3.577,-5.063,10.241,-4.020,-1.093,0.435
1764267088.107205,$VNYMR,3,282026361,0,0,0,-0.102,0.172,-0.437,3.350,-5.630,10.420,-5.189,-1.837,0.551
1764267088.1463194,$VNYMR,1,282064922,0,0,0,0.000,0.005,0.039,2.787,-11.996,5.947,-2.863,-2.223,-2.708
1764267088.1995327,$VNYMR,2,282118761,0,0,0,-1.080,0.010,-0.224,2.949,-10.325,4.884,-0.693,-3.529,-3.917
1764267088.256736,$VNYMR,3,282174592,0,0,0,-0.226,0.386,-0.240,0.340,-9.390,5.470,-0.399,-4.350,-4.179
1764267088.2967908,$VNYMR,1,282214503,0,0,0,0.000,0.005,0.039,4.555,-3.287,-1.156,4.617,-5.004,-4.596
1764267088.351041,$VNYMR,2,282269259,0,0,0,-0.944,0.323,0.040,0.876,-4.545,-4.710,5.004,-5.004,-5.004
1764267088.406997,$VNYMR,3,282326056,0,0,0,-0.507,0.147,-0.013,-1.570,-2.230,-8.950,5.287,-4.573,-3.768
1764267088.4466527,$VNYMR,1,282365262,0,0,0,0.000,0.005,0.039,4.525,-6.991,-5.529,4.258,0.147,-2.071
1764267088.5010166,$VNYMR,2,282419136,0,0,0,-1.190,0.150,0.164,4.153,-5.739,-5.690,5.004,-0.487,-4.400
1764267088.557699,$VNYMR,3,282476335,0,0,0,-0.482,0.011,0.198,3.260,-1.810,-6.320,3.901,-1.148,-3.331
1764267088.5970314,$VNYMR,1,282515493,0,0,0,0.000,0.005,0.039,7.853,-5.453,-5.180,4.710,-0.924,-4.125
1764267088.6496744,$VNYMR,2,282569510,0,0,0,-1.122,0.011,0.009,7.288,-3.187,-7.327,4.355,-0.577,-4.331
1764267088.7069504,$VNYMR,3,282625540,0,0,0,-0.427,-0.099,0.265,6.040,-3.300,-9.720,4.609,0.027,-4.397
1764267088.746735,$VNYMR,1,282664853,0,0,0,0.000,0.005,0.039,8.923,0.569,-5.658,5.004,0.645,-5.004
1764267088.8004913,$VNYMR,2,282719217,0,0,0,-1.194,0.001,0.300,5.829,2.694,-7.680,5.004,0.752,-5.004
1764267088.8581169,$VNYMR,3,282776254,0,0,0,-0.320,-0.136,0.373,4.820,3.200,-9.710,5.251,0.953,-5.717
1764267088.89753,$VNYMR,1,282815852,0,0,0,0.000,0.005,0.039,4.086,3.662,-8.185,3.752,-0.146,-5.004
1764267088.952076,$VNYMR,2,282870896,0,0,0,-0.973,0.007,0.299,3.354,4.798,-6.000,2.308,0.200,-5.004
1764267089.0099561,$VNYMR,3,282927072,0,0,0,-0.220,-0.146,0.412,1.620,5.860,-5.980,2.058,0.337,-5.070
1764267089.0485623,$VNYMR,1,282967717,0,0,0,0.000,0.005,0.039,0.712,3.718,-3.354,0.602,-1.986,-4.392
1764267089.1026711,$VNYMR,2,283020968,0,0,0,-0.598,0.038,0.458,-1.018,4.903,-2.040,0.253,-2.893,-4.061
1764267089.1590846,$VNYMR,3,283077775,0,0,0,0.002,-0.183,0.454,-2.950,6.480,-1.850,-0.268,-3.117,-3.659
1764267089.1985316,$VNYMR,1,283116946,0,0,0,0.000,0.005,0.039,-5.607,7.522,-2.984,0.737,-4.019,-2.142
1764267089.2521148,$VNYMR,2,283171015,0,0,0,0.002,0.000,0.374,-6.052,8.509,-1.917,0.835,-4.268,-1.594
1764267089.3093102,$VNYMR,3,283227214,0,0,0,0.320,-0.129,0.371,-8.570,9.080,-2.030,1.164,-4.200,-1.406
1764267089.34923,$VNYMR,1,283267638,0,0,0,0.000,0.005,0.039,-9.477,8.744,-0.794,1.619,-3.713,1.173
1764267089.4031754,$VNYMR,2,283321702,0,0,0,0.334,0.000,0.196,-9.245,9.561,0.355,1.831,-3.581,2.214
1764267089.45937,$VNYMR,3,283378188,0,0,0,0.484,-0.104,0.170,-10.220,11.150,0.590,1.621,-3.614,2.975
1764267089.5037065,$VNYMR,1,283421334,0,0,0,0.000,0.005,0.039,-6.466,10.061,3.269,1.462,-4.042,5.004
1764267089.5574846,$VNYMR,2,283476210,0,0,0,0.163,-0.594,-0.037,-7.814,10.883,5.886,1.593,-4.753,5.004
1764267089.6142452,$VNYMR,3,283532478,0,0,0,0.339,-0.390,-0.026,-12.220,10.660,6.900,0.704,-5.643,7.077
1764267089.653254,$VNYMR,1,283572004,0,0,0,0.000,0.005,0.039,2.441,16.283,5.475,0.133,-5.004,4.898
1764267089.7071102,$VNYMR,2,283625689,0,0,0,-0.559,-0.560,-0.064,3.375,14.724,5.149,0.805,-5.004,4.227
1764267089.7630868,$VNYMR,3,283682147,0,0,0,-0.110,-0.500,-0.041,1.760,12.000,7.000,1.060,-5.803,3.940
1764267089.8017745,$VNYMR,1,283720817,0,0,0,0.000,0.005,0.039,7.815,7.670,-0.264,1.696,-5.004,2.993
1764267089.8555734,$VNYMR,2,283774252,0,0,0,-0.995,-0.439,0.178,4.896,4.340,-3.181,1.426,-5.004,2.952
1764267089.912445,$VNYMR,3,283830768,0,0,0,-0.272,-0.377,0.221,-0.230,2.400,-5.500,0.697,-4.871,2.717
1764267089.952467,$VNYMR,1,283870650,0,0,0,0.000,0.005,0.039,3.220,1.903,-6.092,1.228,-2.671,-0.784
1764267090.007159,$VNYMR,2,283925018,0,0,0,-0.593,0.010,0.326,2.551,3.841,-6.295,1.043,-2.618,0.854
1764267090.0635772,$VNYMR,3,283982559,0,0,0,-0.150,-0.291,0.361,0.850,5.910,-6.810,0.813,-2.584,1.655
1764267090.1022038,$VNYMR,1,284021331,0,0,0,0.000,0.005,0.039,1.053,0.742,-7.150,0.264,-2.594,-0.557
1764267090.156362,$VNYMR,2,284074670,0,0,0,-0.449,0.010,0.413,-1.073,1.182,-7.600,0.030,-2.565,-0.856
1764267090.2135234,$VNYMR,3,284131360,0,0,0,0.000,-0.265,0.417,-1.600,1.150,-6.780,0.242,-2.519,-1.153
1764267090.252395,$VNYMR,1,284171686,0,0,0,0.000,0.005,0.039,-3.817,0.162,-6.040,0.261,-2.529,-1.596
1764267090.3075275,$VNYMR,2,284225433,0,0,0,0.000,0.021,0.374,-7.157,-1.077,-5.603,0.426,-1.415,-1.874
1764267090.3637416,$VNYMR,3,284282520,0,0,0,0.210,-0.232,0.377,-9.020,-2.900,-4.370,0.453,-1.920,-2.148
1764267090.4039438,$VNYMR,1,284321852,0,0,0,0.000,0.005,0.039,-9.130,-1.660,-8.434,1.133,0.014,-1.046
1764267090.4590385,$VNYMR,2,284376376,0,0,0,0.123,0.038,0.393,-11.026,-4.417,-5.366,1.154,1.040,-2.042
1764267090.5159934,$VNYMR,3,284434204,0,0,0,0.287,-0.122,0.346,-11.260,-7.030,-4.170,1.499,0.420,-3.555
1764267090.555105,$VNYMR,1,284473756,0,0,0,0.000,0.005,0.039,-7.117,-8.862,-6.828,2.069,2.145,-4.652
1764267090.609776,$VNYMR,2,284527532,0,0,0,-0.355,0.151,0.398,-6.787,-14.171,-7.483,2.461,2.834,-5.004
1764267090.666267,$VNYMR,3,284584888,0,0,0,0.192,0.169,0.395,-9.350,-14.400,-9.270,2.892,3.332,-7.415
1764267090.7050385,$VNYMR,1,284624115,0,0,0,0.000,0.005,0.039,5.247,-11.087,-1.164,2.224,2.666,-5.004
1764267090.7597268,$VNYMR,2,284678103,0,0,0,-1.102,0.038,0.001,0.316,-9.852,-0.320,2.634,1.525,-5.004
1764267090.8161926,$VNYMR,3,284734735,0,0,0,-0.329,0.254,0.307,-5.910,-10.680,0.920,2.046,0.046,-10.341
1764267090.8553557,$VNYMR,1,284773911,0,0,0,0.000,0.005,0.039,10.427,0.550,0.561,2.076,1.700,-5.004
1764267090.9096549,$VNYMR,2,284827782,0,0,0,-1.195,0.002,0.235,4.539,5.220,0.855,1.731,0.589,-5.004
1764267090.9661725,$VNYMR,3,284884724,0,0,0,-0.360,-0.245,0.261,-0.180,8.550,2.610,0.442,-0.946,-6.629
1764267091.00601,$VNYMR,1,284923928,0,0,0,0.000,0.005,0.039,2.319,4.018,-1.894,1.010,-2.536,-5.004
1764267091.0600665,$VNYMR,2,284978478,0,0,0,-0.367,-0.445,0.310,-2.704,3.578,-1.092,-0.605,-3.740,-4.441
1764267091.117191,$VNYMR,3,285035071,0,0,0,0.054,-0.387,0.320,-5.030,2.380,-3.500,-0.690,-3.240,-5.021
1764267091.1565287,$VNYMR,1,285074945,0,0,0,0.000,0.005,0.039,-6.665,3.698,2.689,-2.368,-4.538,-2.785
1764267091.211765,$VNYMR,2,285128970,0,0,0,0.225,-0.354,0.075,-5.234,3.952,4.778,-1.484,-4.364,-2.920
1764267091.268165,$VNYMR,3,285187041,0,0,0,0.405,-0.301,0.114,-6.300,7.780,10.060,-1.823,-4.849,-1.872
1764267091.3088498,$VNYMR,1,285226872,0,0,0,0.000,0.005,0.039,-2.451,2.220,12.546,-0.646,-5.004,1.290
1764267091.3634932,$VNYMR,2,285281310,0,0,0,0.004,-0.365,-0.297,-2.514,5.441,14.940,-0.962,-5.004,1.072
1764267091.4194427,$VNYMR,3,285338501,0,0,0,0.342,-0.297,-0.251,-3.530,6.270,14.170,-0.809,-5.360,1.076
1764267091.4595294,$VNYMR,1,285378026,0,0,0,0.000,0.005,0.039,3.919,4.475,16.786,-1.237,-5.004,1.658
1764267091.5134375,$VNYMR,2,285432005,0,0,0,-0.587,0.010,-0.541,3.252,4.282,15.547,-1.952,-5.004,2.038
1764267091.5707343,$VNYMR,3,285488449,0,0,0,-0.081,-0.252,-0.412,1.600,3.880,12.830,-2.522,-6.777,1.729
1764267091.6146579,$VNYMR,1,285533336,0,0,0,0.000,0.005,0.039,13.147,-2.481,12.400,-3.513,-5.004,-0.418
1764267091.6697495,$VNYMR,2,285587133,0,0,0,-0.921,0.057,-0.132,8.630,4.636,7.117,-2.499,-5.004,-0.986
1764267091.7265754,$VNYMR,3,285644715,0,0,0,-0.489,-0.076,-0.164,6.780,2.100,-0.340,-1.840,-7.285,-1.149
1764267091.764886,$VNYMR,1,285684329,0,0,0,0.000,0.005,0.039,9.726,1.736,-0.362,0.403,-2.851,-0.770
1764267091.819519,$VNYMR,2,285737309,0,0,0,-1.194,0.005,0.151,5.073,0.914,-4.179,2.364,-2.904,-0.859
1764267091.8772128,$VNYMR,3,285794556,0,0,0,-0.484,-0.125,0.154,5.210,-4.720,-10.140,2.364,-1.768,-1.551
1764267091.9158394,$VNYMR,1,285834894,0,0,0,0.000,0.005,0.039,5.052,-1.794,-3.857,4.599,0.991,-2.201
1764267091.9691932,$VNYMR,2,285888302,0,0,0,-1.159,0.019,0.187,2.983,2.856,-3.760,5.004,1.664,-1.408
1764267092.025754,$VNYMR,3,285944168,0,0,0,-0.424,-0.169,0.250,0.670,2.990,-4.160,6.022,2.217,-1.625
1764267092.0644813,$VNYMR,1,285983504,0,0,0,0.000,0.005,0.039,1.097,-3.013,-1.133,5.004,3.335,-0.038
1764267092.1168168,$VNYMR,2,286036930,0,0,0,-0.934,0.015,0.000,3.285,1.036,2.456,4.999,2.686,2.378
1764267092.1743221,$VNYMR,3,286092517,0,0,0,-0.493,0.042,0.151,3.780,-2.730,2.800,8.316,3.010,2.040
1764267092.2135062,$VNYMR,1,286132173,0,0,0,0.000,0.005,0.039,6.015,-5.272,6.332,2.295,2.255,3.692
1764267092.2679396,$VNYMR,2,286185957,0,0,0,-1.140,0.154,-0.243,0.967,-14.035,10.024,4.306,2.190,2.402
1764267092.3251169,$VNYMR,3,286242928,0,0,0,-0.431,0.276,-0.123,-0.770,-17.120,10.730,1.937,0.744,1.472
1764267092.3626544,$VNYMR,1,286282821,0,0,0,0.000,0.005,0.039,2.495,-7.560,9.876,3.582,3.572,-0.137
1764267092.416792,$VNYMR,2,286335733,0,0,0,-1.048,0.151,-0.560,2.268,-5.806,13.387,1.836,2.696,0.336
1764267092.4738402,$VNYMR,3,286391739,0,0,0,-0.317,0.234,-0.362,4.260,-8.550,13.840,1.936,2.524,0.040
1764267092.512505,$VNYMR,1,286431584,0,0,0,0.000,0.005,0.039,1.816,-2.147,11.895,2.072,-0.436,-1.524
1764267092.5667458,$VNYMR,2,286484931,0,0,0,-1.042,0.019,-0.572,1.813,-1.655,13.147,0.555,0.201,-1.198
1764267092.6235185,$VNYMR,3,286541692,0,0,0,-0.312,0.094,-0.401,0.490,3.110,14.450,-0.154,-0.633,-1.006
1764267092.6625679,$VNYMR,1,286581267,0,0,0,0.000,0.005,0.039,0.085,0.099,8.821,1.198,0.100,-1.659
1764267092.7161577,$VNYMR,2,286634976,0,0,0,-1.027,0.338,-0.586,1.640,4.692,13.662,0.599,0.754,-0.460
1764267092.7731245,$VNYMR,3,286691132,0,0,0,-0.326,-0.031,-0.396,2.840,1.990,15.300,-1.460,-0.361,0.678
1764267092.812191,$VNYMR,1,286731251,0,0,0,0.000,0.005,0.039,0.281,-0.781,1.141,-1.627,0.940,1.598
1764267092.8657286,$VNYMR,2,286784983,0,0,0,-1.026,0.019,-0.446,2.805,-7.277,15.628,0.667,-1.357,1.133
1764267092.9219818,$VNYMR,3,286840723,0,0,0,-0.326,0.126,-0.385,1.970,-1.920,7.250,0.314,0.250,0.675
1764267092.962661,$VNYMR,1,286880403,0,0,0,0.000,0.005,0.039,1.043,-1.973,9.383,-0.043,-0.337,0.140
1764267093.0159097,$VNYMR,2,286935126,0,0,0,-1.044,0.040,-0.560,1.682,-2.207,9.827,0.025,0.100,0.151
1764267093.073035,$VNYMR,3,286991473,0,0,0,-0.322,0.145,-0.377,1.050,-2.410,9.580,0.058,0.164,0.065
1764267093.1110897,$VNYMR,1,287030746,0,0,0,0.000,0.005,0.039,1.018,-1.985,9.403,0.058,0.155,0.006
1764267093.1655185,$VNYMR,2,287084152,0,0,0,-1.017,0.040,-0.449,1.324,-2.000,9.900,-0.010,-0.058,0.038
1764267093.2218242,$VNYMR,3,287140510,0,0,0,-0.315,0.145,-0.387,1.430,-2.160,9.100,-0.012,-0.034,0.002
1764267093.2609665,$VNYMR,1,287179525,0,0,0,0.000,0.005,0.039,1.053,-2.021,9.712,0.010,-0.009,-0.012
1764267093.313985,$VNYMR,2,287233397,0,0,0,-1.047,0.042,-0.528,1.311,-1.979,9.826,-0.037,0.004,0.003
1764267093.3717804,$VNYMR,3,287289593,0,0,0,-0.311,0.145,-0.393,1.320,-2.110,9.290,-0.003,-0.015,0.001
1764267093.4114342,$VNYMR,1,287329441,0,0,0,0.000,0.005,0.039,1.013,-2.015,9.662,0.018,0.001,-0.011
1764267093.4650645,$VNYMR,2,287383837,0,0,0,-1.047,0.000,-0.558,1.338,-1.970,9.844,0.002,-0.005,-0.038
1764267093.5222862,$VNYMR,3,287440022,0,0,0,-0.315,0.162,-0.377,1.300,-2.100,9.310,-0.004,-0.002,-0.002
1764267093.5616264,$VNYMR,1,287480245,0,0,0,0.000,0.005,0.039,1.013,-1.997,9.657,0.020,0.004,-0.011
1764267093.6164374,$VNYMR,2,287534086,0,0,0,-1.046,0.001,-0.448,1.325,-2.122,9.847,-0.003,-0.005,0.002
1764267093.6733088,$VNYMR,3,287591697,0,0,0,-0.315,0.149,-0.385,1.310,-2.110,9.270,0.002,0.000,0.000
1764267093.7175188,$VNYMR,1,287635433,0,0,0,0.000,0.005,0.039,1.009,-2.014,9.507,0.020,0.006,-0.012
1764267093.770469,$VNYMR,2,287689983,0,0,0,-1.044,0.043,-0.440,1.356,-1.853,9.840,-0.004,-0.007,0.004
1764267093.827438,$VNYMR,3,287746416,0,0,0,-0.315,0.149,-0.385,1.330,-2.100,9.290,0.002,0.000,0.002
1764267093.86567,$VNYMR,1,287785168,0,0,0,0.000,0.005,0.039,1.011,-1.997,9.645,0.020,0.006,-0.013
1764267093.918662,$VNYMR,2,287838161,0,0,0,-1.045,0.040,-0.421,1.318,-1.985,9.858,-0.004,-0.010,0.002
1764267093.9764407,$VNYMR,3,287894251,0,0,0,-0.315,0.160,-0.387,1.300,-2.110,9.260,0.000,-0.001,0.001
1764267094.0154338,$VNYMR,1,287934788,0,0,0,0.000,0.005,0.039,1.016,-2.014,9.655,0.020,0.005,-0.011
1764267094.070484,$VNYMR,2,287987969,0,0,0,-1.046,0.037,-0.425,1.328,-2.007,9.882,-0.003,-0.007,0.002
1764267094.1274366,$VNYMR,3,288045685,0,0,0,-0.315,0.149,-0.377,1.330,-2.110,9.260,0.003,-0.004,0.003
1764267094.167541,$VNYMR,1,288085588,0,0,0,0.000,0.005,0.039,1.010,-2.130,9.752,0.019,0.006,-0.011
1764267094.2223942,$VNYMR,2,288140215,0,0,0,-1.045,0.047,-0.449,1.369,-2.143,9.837,-0.005,-0.009,0.002
1764267094.278354,$VNYMR,3,288197564,0,0,0,-0.311,0.145,-0.381,1.310,-2.110,9.270,0.000,-0.002,0.002
1764267094.3179896,$VNYMR,1,288236166,0,0,0,0.000,0.005,0.039,0.986,-1.842,9.498,0.021,0.007,-0.010
1764267094.3717475,$VNYMR,2,288290412,0,0,0,-1.048,0.008,-0.437,1.357,-2.143,9.842,-0.005,-0.011,0.004
1764267094.4284377,$VNYMR,3,288346759,0,0,0,-0.315,0.145,-0.385,1.320,-2.120,9.260,-0.001,-0.003,0.000
1764267094.467935,$VNYMR,1,288386706,0,0,0,0.000,0.005,0.039,0.996,-2.016,9.647,0.021,0.008,-0.012
1764267094.5220926,$VNYMR,2,288440393,0,0,0,-1.045,0.047,-0.446,1.367,-1.978,9.884,-0.005,-0.009,0.004
1764267094.5790834,$VNYMR,3,288497150,0,0,0,-0.315,0.145,-0.381,1.320,-2.110,9.270,0.000,-0.002,-0.001
1764267094.6180127,$VNYMR,1,288536838,0,0,0,0.000,0.004,0.000,1.008,-2.009,9.799,0.021,0.008,-0.011
1764267094.6721253,$VNYMR,2,288590514,0,0,0,-1.046,0.039,-0.447,1.356,-1.969,9.849,-0.005,-0.010,0.003
1764267094.729006,$VNYMR,3,288647156,0,0,0,-0.315,0.145,-0.377,1.320,-2.080,9.290,0.000,-0.001,0.001
1764267094.7675169,$VNYMR,1,288686865,0,0,0,0.000,0.005,0.039,1.023,-1.986,9.632,0.020,0.009,-0.013
1764267094.8223193,$VNYMR,2,288740722,0,0,0,-1.014,0.001,-0.439,1.372,-2.134,9.862,-0.005,-0.010,-0.037
1764267094.8797219,$VNYMR,3,288797436,0,0,0,-0.319,0.152,-0.381,1.340,-2.110,9.290,0.001,-0.002,-0.001
1764267094.9179404,$VNYMR,1,288837453,0,0,0,0.000,0.005,0.039,1.007,-1.838,9.638,0.020,0.006,-0.011
1764267094.9722538,$VNYMR,2,288890886,0,0,0,-1.015,0.000,-0.446,1.337,-1.994,9.845,-0.006,-0.010,0.002
1764267095.0292819,$VNYMR,3,288947320,0,0,0,-0.315,0.149,-0.393,1.320,-2.100,9.290,-0.001,-0.002,0.000
1764267095.0679045,$VNYMR,1,288987015,0,0,0,0.000,0.005,0.039,1.000,-2.003,9.799,0.021,0.008,-0.009
1764267095.122309,$VNYMR,2,289040614,0,0,0,-1.046,0.038,-0.448,1.354,-1.985,9.878,-0.006,-0.009,0.002
1764267095.1797795,$VNYMR,3,289097326,0,0,0,-0.326,0.145,-0.377,1.330,-2.120,9.290,0.002,0.000,0.000
1764267095.2178698,$VNYMR,1,289137623,0,0,0,0.000,0.005,0.039,0.994,-2.012,9.792,0.021,0.007,-0.011
1764267095.2734363,$VNYMR,2,289191079,0,0,0,-1.042,0.015,-0.449,1.347,-2.136,9.850,-0.006,-0.009,0.004
1764267095.3311086,$VNYMR,3,289248480,0,0,0,-0.315,0.149,-0.381,1.320,-2.100,9.290,-0.001,0.000,0.000
1764267095.37117,$VNYMR,1,289288908,0,0,0,0.000,0.005,0.039,1.009,-1.877,9.513,0.019,0.005,-0.011
1764267095.42615,$VNYMR,2,289343629,0,0,0,-1.048,0.011,-0.445,1.362,-1.961,9.863,-0.005,-0.008,0.003
1764267095.482028,$VNYMR,3,289401119,0,0,0,-0.319,0.152,-0.385,1.320,-2.120,9.300,-0.003,0.000,-0.002
1764267095.522299,$VNYMR,1,289439891,0,0,0,0.000,0.005,0.039,1.003,-2.002,9.647,0.020,0.006,-0.010
1764267095.5765178,$VNYMR,2,289494784,0,0,0,-1.045,0.008,-0.448,1.342,-2.128,9.876,-0.004,-0.011,0.001
1764267095.6328843,$VNYMR,3,289551584,0,0,0,-0.319,0.149,-0.389,1.330,-2.080,9.280,0.001,0.002,-0.002
1764267095.6711135,$VNYMR,1,289590599,0,0,0,0.000,0.005,0.039,1.021,-1.997,9.786,0.017,0.006,-0.011
1764267095.7250865,$VNYMR,2,289643601,0,0,0,-1.047,0.006,-0.439,1.362,-2.027,9.861,-0.002,-0.009,0.002
1764267095.7817156,$VNYMR,3,289700057,0,0,0,-0.315,0.152,-0.381,1.330,-2.110,9.280,0.000,0.001,0.000
1764267095.8252625,$VNYMR,1,289744342,0,0,0,0.000,0.005,0.039,1.028,-2.003,9.665,0.015,0.005,-0.010
